title,location,time_of_work,type_of_agreement,salary,article_url
"do pracy w ""Burger Point""","Warszawa, Bielany",,Umowa o pracę, od 4 000 zł do 5 000 zł,https://www.olx.pl/oferta/do-pracy-w-burger-point-CID4-IDsCXvT.html#fdf91ad939;promoted
POMOC KUCHENNA - Włoskie Bistro Mokotów 14-16 PLN,"Warszawa, Ursynów",Pełny etat,Umowa o pracę,/mies.  brutto od 15 zł,https://www.olx.pl/oferta/pomoc-kuchenna-wloskie-bistro-mokotow-14-16-pln-CID4-IDCKZU8.html#fdf91ad939;promoted
KELNER (KA) / BARMAN (KA) (13-15 PLN/h netto),"Warszawa, Śródmieście",,Umowa o pracę, do 17 zł/godz.  brutto,https://www.olx.pl/oferta/kelner-ka-barman-ka-13-15-pln-h-netto-CID4-IDCySWg.html#fdf91ad939;promoted
Kucharz,"Warszawa, Praga-Północ",Pełny etat,Umowa o pracę, od 13 zł do 15 zł,https://www.olx.pl/oferta/kucharz-CID4-IDCWHj3.html#fdf91ad939
Pracownik Max Premium Burgers Złote Tarasy,"Warszawa, Wawer",,Umowa o pracę,/mies.  brutto od 14 zł,https://www.olx.pl/oferta/pracownik-max-premium-burgers-zlote-tarasy-CID4-IDCfwf1.html#fdf91ad939;promoted
Restauracja w Centrum - pomoc kelnerska / kelner,"Warszawa, Mokotów",Pełny etat,Umowa o pracę, do 16 zł/godz.  brutto,https://www.olx.pl/oferta/restauracja-w-centrum-pomoc-kelnerska-kelner-CID4-IDA7L6T.html#fdf91ad939
Zatrudnimy Kucharzy / pomoc kuchni !,"Warszawa, Mokotów",,Umowa o pracę, od 13 zł do 15 zł,https://www.olx.pl/oferta/zatrudnimy-kucharzy-pomoc-kuchni-CID4-IDCWxYZ.html#fdf91ad939
Kelnerka/Kelner,"Warszawa, Śródmieście",Pełny etat,Umowa o pracę,/godz.  brutto od 18 zł,https://www.olx.pl/oferta/kelnerka-kelner-CID4-IDAGJzU.html#fdf91ad939
.Osoba do sprzątania i zmywania Restauracja Galeria Młociny,"Warszawa, Śródmieście",,Umowa o pracę, do 20 zł/mies.  brutto,https://www.olx.pl/oferta/osoba-do-sprzatania-i-zmywania-restauracja-galeria-mlociny-CID4-IDBXy4C.html#fdf91ad939
Kierownik Zmiany Costa Coffee- Warszawa,"Warszawa, Wola",Pełny etat,Umowa o pracę,16 zł/godz. brutto od,https://www.olx.pl/oferta/kierownik-zmiany-costa-coffee-warszawa-CID4-IDCdwGh.html#fdf91ad939
Kucharz (k/m),"Warszawa, Bielany",,Umowa o pracę, 18 zł do 25 zł/godz.,https://www.olx.pl/oferta/kucharz-k-m-CID4-IDCy8S0.html#fdf91ad939
Zmywający/Zmywająca,"Warszawa, Śródmieście",Pełny etat,Umowa o pracę,  brutto od 17 zł do,https://www.olx.pl/oferta/zmywajacy-zmywajaca-CID4-IDCzi7A.html#fdf91ad939
"Pracownik Gastronomii (3/4 etatu lub 1/2 etatu), IKEA Retail, Targówek","Warszawa, Śródmieście",,Umowa o pracę, 22 zł/godz.  brutto od,https://www.olx.pl/oferta/pracownik-gastronomii-3-4-etatu-lub-1-2-etatu-ikea-retail-targowek-CID4-IDCWpmI.html#fdf91ad939
Obsługa klienta w restauracji!!WOLNE WEEKENDY,"Warszawa, Mokotów",Pełny etat,Umowa o pracę, 3 000 zł do 4 000 zł/mies.,https://www.olx.pl/oferta/obsluga-klienta-w-restauracji-wolne-weekendy-CID4-IDxPLFV.html#fdf91ad939
Kucharz cateringowy - Wola,"Warszawa, Wawer",,Umowa o pracę,  brutto16 zł/godz. brutto,https://www.olx.pl/oferta/kucharz-cateringowy-wola-CID4-IDCQ5gn.html#fdf91ad939
Praca kasjer/obsługa klienta Express Kuchnia Marche,"Warszawa, Bielany",Pełny etat,Umowa o pracę,2 940 zł/mies. brutto od,https://www.olx.pl/oferta/praca-kasjer-obsluga-klienta-express-kuchnia-marche-CID4-IDzmhsR.html#fdf91ad939;promoted
Praca Pomoc Kuchenna / Sałatkowa,"Warszawa, Praga-Południe",,Umowa o pracę, 20 zł do 21 zł/mies.,https://www.olx.pl/oferta/praca-pomoc-kuchenna-salatkowa-CID4-IDAipgD.html#fdf91ad939;promoted
Kucharz###Wolne weekendy#,"Warszawa, Praga-Północ",Pełny etat,Umowa o pracę,  brutto od 3 500 zł do,https://www.olx.pl/oferta/kucharz-wolne-weekendy-CID4-IDyf5Ck.html#fdf91ad939
Zmywak #wolne weekendy#,"Warszawa, Wawer",,Umowa o pracę, 4 500 zł/mies.  brutto od,https://www.olx.pl/oferta/zmywak-wolne-weekendy-CID4-IDyBoRN.html#fdf91ad939
Pracownik zmiany nocnej - Restauracja McDonald's Radość,"Warszawa, Ursus",Pełny etat,Umowa o pracę, 15 zł do 17 zł/godz.,https://www.olx.pl/oferta/pracownik-zmiany-nocnej-restauracja-mcdonalds-radosc-CID4-IDy3Qd4.html#fdf91ad939
Pracownik restauracji Burger King Promenada,"Warszawa, Ursus",,Umowa o pracę,  brutto od 18 zł do,https://www.olx.pl/oferta/pracownik-restauracji-burger-king-promenada-CID4-IDCKdOk.html#fdf91ad939
Pracownik Bistro,"Warszawa, Targówek",Niepełny etat,Umowa o pracę, 21 zł/godz.  brutto od,https://www.olx.pl/oferta/pracownik-bistro-CID4-IDCPS3u.html#fdf91ad939
Pracownik restauracji na weekendy Jawczyce,"Warszawa, Wola",,Umowa o pracę, 16 zł do 17 zł/godz.,https://www.olx.pl/oferta/pracownik-restauracji-na-weekendy-jawczyce-CID4-IDCEbVo.html#fdf91ad939
Pracownik restauracji McDonald`s Jawczyce,"Warszawa, Wola",Pełny etat,Umowa o pracę,  brutto od 15 zł do,https://www.olx.pl/oferta/pracownik-restauracji-mcdonalds-jawczyce-CID4-IDCEbVs.html#fdf91ad939
Kucharz -Restauracja OLIMP -Kantyna/Biurowiec -Mokotów,"Warszawa, Praga-Północ",,Umowa o pracę, 17 zł/godz.  brutto17 zł,https://www.olx.pl/oferta/kucharz-restauracja-olimp-kantyna-biurowiec-mokotow-CID4-IDBBMWU.html#fdf91ad939
Poszukujemy Office Mangera do restauracji,"Warszawa, Praga-Północ",Pełny etat,Umowa o pracę,/godz. brutto od 3 680 zł,https://www.olx.pl/oferta/poszukujemy-office-mangera-do-restauracji-CID4-IDCW9Tf.html#fdf91ad939
Kierownik Zmiany Salad Story Wola Park- od zaraz!,"Warszawa, Praga-Północ",,Umowa o pracę, do 4 104 zł/mies.  brutto,https://www.olx.pl/oferta/kierownik-zmiany-salad-story-wola-park-od-zaraz-CID4-IDCW9Hr.html#fdf91ad939;promoted
ZMYWAK / POMOC - Włoskie Bistro Mokotów 12-14 PLN,"Warszawa, Wawer",,Umowa o pracę,5 000 zł/mies. brutto od,https://www.olx.pl/oferta/zmywak-pomoc-wloskie-bistro-mokotow-12-14-pln-CID4-IDCL01y.html#68ed601ee5;promoted
POMOC KUCHENNA - Włoskie Bistro Mokotów 14-16 PLN,"Warszawa, Śródmieście",Pełny etat,Umowa o pracę, 12 zł do 14 zł/godz.,https://www.olx.pl/oferta/pomoc-kuchenna-wloskie-bistro-mokotow-14-16-pln-CID4-IDCKZU8.html#68ed601ee5;promoted
Kelnerka do włoskiej prosciutterii w centrum Warszawy,"Warszawa, Mokotów",,Umowa o pracę,  brutto od 14 zł do,https://www.olx.pl/oferta/kelnerka-do-wloskiej-prosciutterii-w-centrum-warszawy-CID4-IDCAyU8.html#68ed601ee5
KASJERKA lokal gastronomiczny ATRIUM TARGÓWEK,"Warszawa, Mokotów",Pełny etat,Umowa o pracę, 16 zł/godz.  brutto od,https://www.olx.pl/oferta/kasjerka-lokal-gastronomiczny-atrium-targowek-CID4-IDCAvKI.html#68ed601ee5
Kelnerki/ów zatrudnimy,"Warszawa, Bielany",,Umowa o pracę, 3 000 zł do 4 000 zł/mies.,https://www.olx.pl/oferta/kelnerki-ow-zatrudnimy-CID4-IDBpEDj.html#68ed601ee5
Młodszy kucharz do lunchbaru na Ochocie,"Warszawa, Śródmieście",Pełny etat,Umowa o pracę,  brutto od 3 500 zł do,https://www.olx.pl/oferta/mlodszy-kucharz-do-lunchbaru-na-ochocie-CID4-IDCA2kT.html#68ed601ee5
Kierownika do kuchni cateringowej,"Warszawa, Targówek",,Umowa o pracę, 5 500 zł/mies.  brutto od,https://www.olx.pl/oferta/kierownika-do-kuchni-cateringowej-CID4-IDCyb0R.html#68ed601ee5
Mood Warsaw i Hotel Sixty Six poszukują kucharzy !!!,"Warszawa, Mokotów",Pełny etat,Umowa o pracę, 4 000 zł do 8 000 zł/mies.,https://www.olx.pl/oferta/mood-warsaw-i-hotel-sixty-six-poszukuja-kucharzy-CID4-IDyQg2P.html#68ed601ee5
Nowa Cukiernia na Żoliborzu szuka Pracownika Obsługi top class :),"Warszawa, Ochota",,Umowa o pracę,  brutto od 13 zł do,https://www.olx.pl/oferta/nowa-cukiernia-na-zoliborzu-szuka-pracownika-obslugi-top-class-CID4-IDCzVUV.html#68ed601ee5
"Zatrudnię kucharza, fantastyczne warunki,","Warszawa, Mokotów",Pełny etat,Umowa o pracę, 15 zł/godz.  brutto od,https://www.olx.pl/oferta/zatrudnie-kucharza-fantastyczne-warunki-CID4-IDCzSAo.html#68ed601ee5
Dyrektor Sprzedaży,"Warszawa, Śródmieście",,Umowa o pracę, 16 zł do 20 zł/godz.,https://www.olx.pl/oferta/dyrektor-sprzedazy-CID4-IDAopNi.html#68ed601ee5
Matcha Bistro&Bar zatrudni baristę/kelnera,"Warszawa, Żoliborz",Pełny etat,Umowa o pracę,  brutto od 4 000 zł do,https://www.olx.pl/oferta/matcha-bistro-bar-zatrudni-bariste-kelnera-CID4-IDzcTba.html#68ed601ee5
"Restauracja ""Kacperek"" na bródnie Zatrudni Kelnerek na etat","Warszawa, Praga-Południe",,Umowa o pracę, 5 500 zł/mies.  brutto od,https://www.olx.pl/oferta/restauracja-kacperek-na-brodnie-zatrudni-kelnerek-na-etat-CID4-IDCzwmN.html#68ed601ee5
Kucharz kuchni Tajskiej,"Warszawa, Wilanów",Pełny etat,Umowa o pracę, 18 zł do 22 zł/mies.,https://www.olx.pl/oferta/kucharz-kuchni-tajskiej-CID4-IDCzl84.html#68ed601ee5
bufetowa,"Warszawa, Śródmieście",,Umowa o pracę,  brutto od 19 zł do,https://www.olx.pl/oferta/bufetowa-CID4-IDCz2Bb.html#68ed601ee5
kucharka w prywatnym domu okolice Warszawy,"Warszawa, Targówek",Pełny etat,Umowa o pracę,None,https://www.olx.pl/oferta/kucharka-w-prywatnym-domu-okolice-warszawy-CID4-IDCyv4j.html#68ed601ee5
POMOC piekarza noce Bemowo,"Warszawa, Ochota",,Umowa o pracę,None,https://www.olx.pl/oferta/pomoc-piekarza-noce-bemowo-CID4-IDzxAO6.html#68ed601ee5
Kucharz - czarodziej - artysta,"Warszawa, Wola",Pełny etat,Umowa o pracę,None,https://www.olx.pl/oferta/kucharz-czarodziej-artysta-CID4-IDCyn8L.html#68ed601ee5
Praca w warszawskiej Rotundzie,"Warszawa, Wilanów",,Umowa o pracę,None,https://www.olx.pl/oferta/praca-w-warszawskiej-rotundzie-CID4-IDCy1ed.html#68ed601ee5
Zatrudnimy kucharza (kuchnia amerykańska),"Warszawa, Bemowo",Pełny etat,Umowa o pracę,None,https://www.olx.pl/oferta/zatrudnimy-kucharza-kuchnia-amerykanska-CID4-IDCxSzY.html#68ed601ee5
Zatrudnimy Kucharzy / pomoc kuchni !,"Warszawa, Ochota",,Umowa o pracę,None,https://www.olx.pl/oferta/zatrudnimy-kucharzy-pomoc-kuchni-CID4-IDCxOFm.html#68ed601ee5
Doświadczony Kierownik Zmiany.,"Warszawa, Śródmieście",Pełny etat,Umowa o pracę,None,https://www.olx.pl/oferta/doswiadczony-kierownik-zmiany-CID4-IDArN8m.html#68ed601ee5
Pracownik restauracji Mcdonald's ul. Radzymińska 94a - 3000 BRUTTO!,"Warszawa, Białołęka",,Umowa o pracę, od 2 900 zł do 3 000 zł,https://www.olx.pl/oferta/pracownik-restauracji-mcdonalds-ul-radzyminska-94a-3000-brutto-CID4-IDCRHod.html#47c989f65b;promoted
Praca kasjer/obsługa klienta Express Kuchnia Marche,"Warszawa, Śródmieście",Pełny etat,Umowa o pracę,/mies.  brutto2 940 zł/mies.,https://www.olx.pl/oferta/praca-kasjer-obsluga-klienta-express-kuchnia-marche-CID4-IDzmhsR.html#47c989f65b;promoted
Kucharz,"Warszawa, Targówek",,Umowa o pracę, brutto od 15 zł do,https://www.olx.pl/oferta/kucharz-CID4-IDCOlUG.html#47c989f65b
Kasjerkę/ kasjera szuka restauracja w Centrum Warszawy,"Warszawa, Wawer",Pełny etat,Umowa o pracę, 17 zł/godz.  brutto od,https://www.olx.pl/oferta/kasjerke-kasjera-szuka-restauracja-w-centrum-warszawy-CID4-IDCOkKF.html#47c989f65b;promoted
Restauracja zatrudni kucharza zmianowego,"Warszawa, Praga-Północ",,Umowa o pracę, 3 000 zł do 3 500 zł/mies.,https://www.olx.pl/oferta/restauracja-zatrudni-kucharza-zmianowego-CID4-IDCkEMC.html#47c989f65b
Kreatywny Kucharz! Kantyna! Warszawa! Umowa o pracę.,"Warszawa, Praga-Południe",Pełny etat,Umowa o pracę,  brutto od 4 000 zł do,https://www.olx.pl/oferta/kreatywny-kucharz-kantyna-warszawa-umowa-o-prace-CID4-IDCOisZ.html#47c989f65b
Kierowca - Dostawca na lotnisku w Warszawie,"Warszawa, Śródmieście",,Umowa o pracę, 5 500 zł/mies.  brutto od,https://www.olx.pl/oferta/kierowca-dostawca-na-lotnisku-w-warszawie-CID4-IDwTk51.html#47c989f65b
Pomoc kuchenna do Cateringu od zaraz,"Warszawa, Śródmieście",Pełny etat,Umowa o pracę, 21 zł do 25 zł/godz.,https://www.olx.pl/oferta/pomoc-kuchenna-do-cateringu-od-zaraz-CID4-IDCOgMJ.html#47c989f65b
Sam Powiśle szuka osób na stanowisko zmywające.,"Warszawa, Praga-Północ",,Umowa o pracę,  brutto26 zł/godz. brutto,https://www.olx.pl/oferta/sam-powisle-szuka-osob-na-stanowisko-zmywajace-CID4-IDAEIYG.html#47c989f65b
Sprzedawca/Ekspedientka do punktu gastronomicznego,"Warszawa, Ochota",Pełny etat,Umowa o pracę, od 3 300 zł do 3 600 zł,https://www.olx.pl/oferta/sprzedawca-ekspedientka-do-punktu-gastronomicznego-CID4-IDCOftY.html#47c989f65b
Kucharz do włoskiej restauracji,"Warszawa, Włochy",,Umowa o pracę,/mies.  brutto od 13 zł,https://www.olx.pl/oferta/kucharz-do-wloskiej-restauracji-CID4-IDCOeyv.html#47c989f65b
zatrudnię kelnerke,"Warszawa, Śródmieście",Pełny etat,Umowa o pracę, do 17 zł/mies.  brutto,https://www.olx.pl/oferta/zatrudnie-kelnerke-CID4-IDCO5qO.html#47c989f65b
Kucharka od stycznia,"Warszawa, Wawer",,Umowa o pracę, od 3 200 zł do 3 250 zł,https://www.olx.pl/oferta/kucharka-od-stycznia-CID4-IDCNN9Y.html#47c989f65b
Kelner/Kelnerka,"Warszawa, Mokotów",Pełny etat,Umowa o pracę,/mies.  brutto od 3 200 zł,https://www.olx.pl/oferta/kelner-kelnerka-CID4-IDtITnr.html#47c989f65b
"NOWE WYŻSZE STAWKI !! 18,5 zł/h Praca w Restauracji McDonald's","Warszawa, Targówek",,Umowa o pracę, do 3 250 zł/mies.  brutto,https://www.olx.pl/oferta/nowe-wyzsze-stawki-18-5-zl-h-praca-w-restauracji-mcdonalds-CID4-IDArTkW.html#47c989f65b
"NOWE WYŻSZE STAWKI 18,5 zł/h Godzinach popołudniowe- McDonald's","Warszawa, Wola",Pełny etat,Umowa o pracę, od 4 100 zł do 4 120 zł,https://www.olx.pl/oferta/nowe-wyzsze-stawki-18-5-zl-h-godzinach-popoludniowe-mcdonalds-CID4-IDBDaHR.html#47c989f65b
NOWE WYŻSZE STAWKI !!! Menager Restauracji McDonald's ul. Pelikanów 24,"Warszawa, Śródmieście",,Umowa o pracę,/mies.  brutto od 7 000 zł,https://www.olx.pl/oferta/nowe-wyzsze-stawki-menager-restauracji-mcdonalds-ul-pelikanow-24-CID4-IDBFsLV.html#47c989f65b
Manager Generalny / Restauracja Ursynów,"Warszawa, Ursynów",Pełny etat,Umowa o pracę, do 15 000 zł/mies.  brutto,https://www.olx.pl/oferta/manager-generalny-restauracja-ursynow-CID4-IDCIq8A.html#47c989f65b
bufetowa/bufetowy z wydawaniem posiłków,"Warszawa, Ursynów",,Umowa o pracę, od 14 zł do 15 zł,https://www.olx.pl/oferta/bufetowa-bufetowy-z-wydawaniem-posilkow-CID4-IDB0XsY.html#47c989f65b
produkcja kanapek&sałatek - nocna zmiana (21:00 - 05:00),"Warszawa, Ursynów",Pełny etat,Umowa o pracę,/godz.  brutto od 14 zł,https://www.olx.pl/oferta/produkcja-kanapek-salatek-nocna-zmiana-2100-0500-CID4-IDB10yo.html#47c989f65b
pomoc kuchenna w stołówce szkolnej,"Warszawa, Ursynów",,Umowa o pracę, do 15 zł/godz.  brutto,https://www.olx.pl/oferta/pomoc-kuchenna-w-stolowce-szkolnej-CID4-IDB0W5i.html#47c989f65b
Obsługa klienta w Centrum Warszawy 14 zł/h netto,"Warszawa, Bielany",Pełny etat,Umowa o pracę, od 4 500 zł do 6 000 zł,https://www.olx.pl/oferta/obsluga-klienta-w-centrum-warszawy-14-zl-h-netto-CID4-IDCI9YD.html#47c989f65b
Sprzedawca gastronomia,"Warszawa, Bielany",,Umowa o pracę,/mies.  brutto od 4 000 zł,https://www.olx.pl/oferta/sprzedawca-gastronomia-CID4-IDCMUmv.html#47c989f65b
Pracownik do gastronomii,"Warszawa, Śródmieście",Pełny etat,Umowa o pracę, do 5 500 zł/mies.  brutto,https://www.olx.pl/oferta/pracownik-do-gastronomii-CID4-IDCMMze.html#47c989f65b
Kucharz kuchni ciepłej do restauracji SUSHI w Śródmieściu,"Warszawa, Śródmieście",,Umowa o pracę, od 14 zł do 20 zł,https://www.olx.pl/oferta/kucharz-kuchni-cieplej-do-restauracji-sushi-w-srodmiesciu-CID4-IDCMGiW.html#47c989f65b
"Kierownik Restauracji, Pizza Dominium Warszawa","Warszawa, Żoliborz",Pełny etat,Umowa o pracę,/godz.  brutto od 4 000 zł,https://www.olx.pl/oferta/kierownik-restauracji-pizza-dominium-warszawa-CID4-IDBJ6Z7.html#47c989f65b
Kierownik Zmiany - Pizza Dominium Ursynów/Mokotów/Ochota,"Warszawa, Ursynów",,Umowa o pracę, do 6 000 zł/mies.  brutto,https://www.olx.pl/oferta/kierownik-zmiany-pizza-dominium-ursynow-mokotow-ochota-CID4-IDCLAQt.html#47c989f65b
Zatrudnię pizzera.,"Warszawa, Śródmieście",Pełny etat,Umowa o pracę, od 4 000 zł do 5 000 zł,https://www.olx.pl/oferta/zatrudnie-pizzera-CID4-IDCHnCy.html#47c989f65b
Praca w restauracji Sushi,"Warszawa, Śródmieście",,Umowa o pracę,/mies.  brutto od 7 000 zł,https://www.olx.pl/oferta/praca-w-restauracji-sushi-CID4-IDxP5MK.html#47c989f65b
Barman / Barbeck - wydawka w Restauracji,"Warszawa, Mokotów",Pełny etat,Umowa o pracę, do 10 000 zł/mies.  brutto,https://www.olx.pl/oferta/barman-barbeck-wydawka-w-restauracji-CID4-IDAPs5q.html#47c989f65b
Gastronomia,"Warszawa, Wesoła",,Umowa o pracę,15 zł/godz. brutto od,https://www.olx.pl/oferta/gastronomia-CID4-IDCMhYY.html#47c989f65b
Kucharz Sushi w Niemczech,"Warszawa, Wola",Pełny etat,Umowa o pracę, 2 600 zł do 2 900 zł/mies.,https://www.olx.pl/oferta/kucharz-sushi-w-niemczech-CID4-IDBrulK.html#47c989f65b
Pomoc kucharza - produkcja pierogów,"Warszawa, Śródmieście",,Umowa o pracę,  brutto15 zł/godz. brutto,https://www.olx.pl/oferta/pomoc-kucharza-produkcja-pierogow-CID4-IDCMcId.html#47c989f65b
Pracownik obsługi gości ( bary sałatkowe),"Warszawa, Śródmieście",Pełny etat,Umowa o pracę, od 2 600 zł do 3 200 zł,https://www.olx.pl/oferta/pracownik-obslugi-gosci-bary-salatkowe-CID4-IDCMbhb.html#47c989f65b
kelner/kelnerka,"Warszawa, Bemowo",,Umowa o pracę,/mies.  brutto od 16 zł,https://www.olx.pl/oferta/kelner-kelnerka-CID4-IDCMa3N.html#47c989f65b
Catering Pure&Fresh zatrudni Pomoc Kuchenną /Zmywak,"Warszawa, Praga-Północ",Pełny etat,Umowa o pracę,None,https://www.olx.pl/oferta/catering-pure-fresh-zatrudni-pomoc-kuchenna-zmywak-CID4-IDzWifg.html#47c989f65b
Kierownik Cukiernia Sowa,"Warszawa, Śródmieście",,Umowa o pracę,None,https://www.olx.pl/oferta/kierownik-cukiernia-sowa-CID4-IDCM1rY.html#47c989f65b
Manager Zmianowy,"Warszawa, Śródmieście",Niepełny etat,Umowa o pracę,None,https://www.olx.pl/oferta/manager-zmianowy-CID4-IDCFWQK.html#47c989f65b
Pracownik do małego lokalu z burgerami Ursus Skorosze,"Warszawa, Praga-Południe",,Umowa o pracę,None,https://www.olx.pl/oferta/pracownik-do-malego-lokalu-z-burgerami-ursus-skorosze-CID4-IDCLZ2q.html#47c989f65b
Zatrudnię pół etatu na garmażerk,"Warszawa, Śródmieście",Pełny etat,Umowa o pracę,None,https://www.olx.pl/oferta/zatrudnie-pol-etatu-na-garmazerk-CID4-IDCLUPw.html#47c989f65b
Kucharz/ kelner,"Warszawa, Wola",,Umowa o pracę,None,https://www.olx.pl/oferta/kucharz-kelner-CID4-IDAnl0q.html#47c989f65b
Mcdonald's Wiatraczna PracowniK restauracji 3000 BRUTTO!,"Warszawa, Ochota",,Umowa o pracę,5 000 zł/mies. brutto od,https://www.olx.pl/oferta/mcdonalds-wiatraczna-pracownik-restauracji-3000-brutto-CID4-IDxkc3Z.html#0a7d12c6bb;promoted
"Praca w weekendy-kasjer NOWE STAWKI 18,50zł/h McDonald's17-go Stycznia","Warszawa, Śródmieście",Pełny etat,Umowa o pracę, 3 000 zł do 3 100 zł/mies.,https://www.olx.pl/oferta/praca-w-weekendy-kasjer-nowe-stawki-18-50zl-h-mcdonalds17-go-stycznia-CID4-IDvr334.html#0a7d12c6bb;promoted
Zatrudnię samodzielnego kucharz do kantyny pracowniczej W-wa Mokotów,"Warszawa, Praga-Południe",,Umowa o pracę,  brutto od 1 500 zł do,https://www.olx.pl/oferta/zatrudnie-samodzielnego-kucharz-do-kantyny-pracowniczej-w-wa-mokotow-CID4-IDwow7F.html#0a7d12c6bb;promoted
Praca na zmywaku - Ursynów,"Warszawa, Włochy",Pełny etat,Umowa o pracę, 1 600 zł/mies.  brutto od,https://www.olx.pl/oferta/praca-na-zmywaku-ursynow-CID4-IDCLpdi.html#0a7d12c6bb
Hydraulik / Niemcy / 10 € Netto ! / Umowa o pracę / PRACA OD ZARAZ !,"Warszawa, Mokotów",,Umowa o pracę, 13 zł do 14 zł/mies.,https://www.olx.pl/oferta/hydraulik-niemcy-10-netto-umowa-o-prace-praca-od-zaraz-CID4-IDCLf6V.html#0a7d12c6bb
Pomoc kuchenna w szkole,"Warszawa, Ursynów",Pełny etat,Umowa o pracę,  brutto od 3 300 zł do,https://www.olx.pl/oferta/pomoc-kuchenna-w-szkole-CID4-IDCLdWG.html#0a7d12c6bb
kasjerka / ekspedientka - PRACA OD ZARAZ,"Warszawa, Śródmieście",,Umowa o pracę, 3 800 zł/mies.  brutto od,https://www.olx.pl/oferta/kasjerka-ekspedientka-praca-od-zaraz-CID4-IDAw5p7.html#0a7d12c6bb
Zmywak/Obierak,"Warszawa, Ochota",Niepełny etat,Umowa o pracę, 3 200 zł do 3 700 zł/mies.,https://www.olx.pl/oferta/zmywak-obierak-CID4-IDCgdNK.html#0a7d12c6bb
"Kelner, Kelnerka / Barman, Barmanka - Warszawa Falenica","Warszawa, Mokotów",,Umowa o pracę,  brutto od 2 600 zł do,https://www.olx.pl/oferta/kelner-kelnerka-barman-barmanka-warszawa-falenica-CID4-IDCErgp.html#0a7d12c6bb
Wózkowy na kuchni szpitalnej- Warszawa,"Warszawa, Mokotów",Pełny etat,Umowa o pracę, 3 000 zł/mies.  brutto od,https://www.olx.pl/oferta/wozkowy-na-kuchni-szpitalnej-warszawa-CID4-IDCEk92.html#0a7d12c6bb
Pomoc kuchenna- Warszawa,"Warszawa, Wawer",,Umowa o pracę, 3 500 zł do 4 000 zł/mies.,https://www.olx.pl/oferta/pomoc-kuchenna-warszawa-CID4-IDCEjDC.html#0a7d12c6bb
Koordynator dostaw kateringu lotniczego,"Warszawa, Ochota",Dodatkowa / sezonowa,Umowa o pracę,  brutto od 16 zł do,https://www.olx.pl/oferta/koordynator-dostaw-kateringu-lotniczego-CID4-IDyXBmS.html#0a7d12c6bb
Pracownik Koreańska restauracja,"Warszawa, Ochota",,Umowa o pracę, 18 zł/godz.  brutto od,https://www.olx.pl/oferta/pracownik-koreanska-restauracja-CID4-IDCKdPC.html#0a7d12c6bb
Gastronomia,"Warszawa, Ochota",Pełny etat,Umowa o pracę, 3 270 zł do 3 500 zł/mies.,https://www.olx.pl/oferta/gastronomia-CID4-IDCKcir.html#0a7d12c6bb
Otwarta i pozytywna osoba poszukiwana !,"Warszawa, Wola",,Umowa o pracę,  brutto od 19 zł do,https://www.olx.pl/oferta/otwarta-i-pozytywna-osoba-poszukiwana-CID4-IDCImIH.html#0a7d12c6bb
Cukiernik/Pomoc cukiernika/Dekorator,"Warszawa, Śródmieście",Pełny etat,Umowa o pracę, 22 zł/godz.  brutto od,https://www.olx.pl/oferta/cukiernik-pomoc-cukiernika-dekorator-CID4-IDxhrXP.html#0a7d12c6bb
Pracownik restauracji McDonald's MODLIŃSKA. Dołącz do zespołu!,"Warszawa, Mokotów",,Umowa o pracę, 4 000 zł do 5 500 zł/mies.,https://www.olx.pl/oferta/pracownik-restauracji-mcdonalds-modlinska-dolacz-do-zespolu-CID4-ID5VPHW.html#0a7d12c6bb;promoted
WEEKENDY!!! Dołącz do McDonald's Modlińska i pogódź naukę z pracą,"Warszawa, Praga-Południe",Pełny etat,Umowa o pracę,  brutto od 15 zł do,https://www.olx.pl/oferta/weekendy-dolacz-do-mcdonalds-modlinska-i-pogodz-nauke-z-praca-CID4-IDsZoeR.html#0a7d12c6bb;promoted
Kucharz sushi,"Warszawa, Białołęka",,Umowa o pracę, 20 zł/godz.  brutto od,https://www.olx.pl/oferta/kucharz-sushi-CID4-IDzZnjJ.html#0a7d12c6bb
Piekarz / Czeladnik - Piekarnia Aromat,"Warszawa, Białołęka",Pełny etat,Umowa o pracę, 2 800 zł do 3 500 zł/mies.,https://www.olx.pl/oferta/piekarz-czeladnik-piekarnia-aromat-CID4-IDCm6GI.html#0a7d12c6bb
zatrudnimy pomoc kuchni/kucharza,"Warszawa, Ursynów",,Umowa o pracę,  brutto od 7 000 zł do,https://www.olx.pl/oferta/zatrudnimy-pomoc-kuchni-kucharza-CID4-IDCCkgf.html#0a7d12c6bb
kucharz w 5* hotelu u szefa Darka Barańskiego,"Warszawa, Śródmieście",Pełny etat,Umowa o pracę, 8 000 zł/mies.  brutto od,https://www.olx.pl/oferta/kucharz-w-5-hotelu-u-szefa-darka-baranskiego-CID4-IDCJJzX.html#0a7d12c6bb
Restauracja Stary Dom zatrudni kucharzy i pomocników do przyuczenia,"Warszawa, Mokotów",,Umowa o pracę, 18 zł do 24 zł/godz.,https://www.olx.pl/oferta/restauracja-stary-dom-zatrudni-kucharzy-i-pomocnikow-do-przyuczenia-CID4-IDzCyIx.html#0a7d12c6bb
Zatrudnimy Kierownika Zmianowego do włoskiej restauracji w Śródmieściu,"Warszawa, Śródmieście",Pełny etat,Umowa o pracę,  brutto od 18 zł do,https://www.olx.pl/oferta/zatrudnimy-kierownika-zmianowego-do-wloskiej-restauracji-w-srodmiesciu-CID4-IDCJEZ7.html#0a7d12c6bb
Kierownik Zmiany - cukiernia A.Blikle - KEN,"Warszawa, Mokotów",,Umowa o pracę, 22 zł/mies.  brutto2 900 zł,https://www.olx.pl/oferta/kierownik-zmiany-cukiernia-a-blikle-ken-CID4-IDCJDs0.html#0a7d12c6bb
"kelner,kelnerka do sushi baru","Warszawa, Śródmieście",Pełny etat,Umowa o pracę,/mies. brutto od 4 500 zł,https://www.olx.pl/oferta/kelner-kelnerka-do-sushi-baru-CID4-IDCySAn.html#0a7d12c6bb
"15-18 zł netto, Pizzer na pełen etat, Warszawa Centrum i okolice","Warszawa, Ursynów",,Umowa o pracę, do 5 500 zł/mies.  brutto,https://www.olx.pl/oferta/15-18-zl-netto-pizzer-na-pelen-etat-warszawa-centrum-i-okolice-CID4-IDz0aCQ.html#0a7d12c6bb
Kucharz - pizzer,"Warszawa, Wawer",Pełny etat,Umowa o pracę, od 4 000 zł do 9 000 zł,https://www.olx.pl/oferta/kucharz-pizzer-CID4-IDCJcad.html#0a7d12c6bb
Samodzielny kucharz,"Warszawa, Śródmieście",,Umowa o pracę,/mies.  brutto13 zł/godz.,https://www.olx.pl/oferta/samodzielny-kucharz-CID4-IDCCFix.html#0a7d12c6bb
Osoba do sprzedaży frytek i kurczaków,"Warszawa, Praga-Południe",Pełny etat,Umowa o pracę,None,https://www.olx.pl/oferta/osoba-do-sprzedazy-frytek-i-kurczakow-CID4-IDx0Yvx.html#0a7d12c6bb
Książeczka sanepid badania 3 lata,"Warszawa, Praga-Południe",,Umowa o pracę,None,https://www.olx.pl/oferta/ksiazeczka-sanepid-badania-3-lata-CID4-IDCIKwh.html#0a7d12c6bb
Manager zmianowy w restauracji SAM /Centrum,"Warszawa, Praga-Południe",Pełny etat,Umowa o pracę,None,https://www.olx.pl/oferta/manager-zmianowy-w-restauracji-sam-centrum-CID4-IDCIJwz.html#0a7d12c6bb
Pomoc kuchenna - Restauracja OLIMP - Kantyna/biurowiec - Mokotów,"Warszawa, Śródmieście",,Umowa o pracę,None,https://www.olx.pl/oferta/pomoc-kuchenna-restauracja-olimp-kantyna-biurowiec-mokotow-CID4-IDBBNlI.html#0a7d12c6bb
Restauracja Concept 13 zatrudni kucharzy,"Warszawa, Żoliborz",Pełny etat,Umowa o pracę,None,https://www.olx.pl/oferta/restauracja-concept-13-zatrudni-kucharzy-CID4-IDAWMNX.html#0a7d12c6bb
Kucharka/Pomoc kuchenna,"Warszawa, Mokotów",,Umowa o pracę,None,https://www.olx.pl/oferta/kucharka-pomoc-kuchenna-CID4-IDxiOSF.html#0a7d12c6bb
Zatrudnimy pracowników na zmywak,"Warszawa, Śródmieście",Pełny etat,Umowa o pracę,None,https://www.olx.pl/oferta/zatrudnimy-pracownikow-na-zmywak-CID4-IDCDv5V.html#0a7d12c6bb
Restauracja zatrudni managera,"Warszawa, Żoliborz",,Umowa o pracę,None,https://www.olx.pl/oferta/restauracja-zatrudni-managera-CID4-IDCIA4C.html#0a7d12c6bb
BARMAN / BARMANKA w InterContinental Hotel Warszawa,"Warszawa, Ochota",Pełny etat,Umowa o pracę,None,https://www.olx.pl/oferta/barman-barmanka-w-intercontinental-hotel-warszawa-CID4-IDCIwLe.html#0a7d12c6bb
kucharkę,"Warszawa, Żoliborz",,Umowa o pracę,None,https://www.olx.pl/oferta/kucharke-CID4-IDCIuHO.html#0a7d12c6bb
Kelner,"Warszawa, Śródmieście",Niepełny etat,Umowa o pracę,None,https://www.olx.pl/oferta/kelner-CID4-IDCCtF3.html#0a7d12c6bb
zatrudnię pomoc kuchenną,"Warszawa, Mokotów",,Umowa o pracę,None,https://www.olx.pl/oferta/zatrudnie-pomoc-kuchenna-CID4-IDCHyST.html#0a7d12c6bb
kelnerów/kelnerki,"Warszawa, Żoliborz",Pełny etat,Umowa o pracę,None,https://www.olx.pl/oferta/kelnerow-kelnerki-CID4-IDl7ZuO.html#0a7d12c6bb
Kierownik Zmiany KFC w Warszawie,"Warszawa, Białołęka",,Umowa o pracę, od 3 000 zł do 5 000 zł,https://www.olx.pl/oferta/kierownik-zmiany-kfc-w-warszawie-CID4-IDCMZ86.html#fcb6b88aff;promoted
Praca Szuka Ludzi!,"Warszawa, Śródmieście",Pełny etat,Umowa o pracę,/mies.  brutto od 3 300 zł,https://www.olx.pl/oferta/praca-szuka-ludzi-CID4-IDCxYza.html#fcb6b88aff;promoted
Pracownik restauracji na weekendy,"Warszawa, Śródmieście",,Umowa o pracę, do 5 000 zł/mies.  brutto,https://www.olx.pl/oferta/pracownik-restauracji-na-weekendy-CID4-IDCAa5C.html#fcb6b88aff
Pracownik Restauracji Zmiana Nocna,"Warszawa, Śródmieście",Niepełny etat,Umowa o pracę, od 4 000 zł do 5 000 zł,https://www.olx.pl/oferta/pracownik-restauracji-zmiana-nocna-CID4-IDCA8mM.html#fcb6b88aff
Pracownik restauracji,"Warszawa, Mokotów",,Umowa o pracę,/mies.  brutto3 000 zł/mies.,https://www.olx.pl/oferta/pracownik-restauracji-CID4-IDCA8oj.html#fcb6b88aff
Kucharz gotujący / wydawkowy poszukiwany !,"Warszawa, Wilanów",Pełny etat,Umowa o pracę, brutto od 17 zł do,https://www.olx.pl/oferta/kucharz-gotujacy-wydawkowy-poszukiwany-CID4-IDCA7t9.html#fcb6b88aff;promoted
Mobilny serwisant rowerowy,"Warszawa, Wilanów",,Umowa o pracę, 20 zł/godz.  brutto od,https://www.olx.pl/oferta/mobilny-serwisant-rowerowy-CID4-IDCG2bY.html#fcb6b88aff
Kierownik Zmiany w restauracji Burger King Warszawa,"Warszawa, Wilanów",Pełny etat,Umowa o pracę, 1 550 zł do 1 600 zł/mies.,https://www.olx.pl/oferta/kierownik-zmiany-w-restauracji-burger-king-warszawa-CID4-IDBL77t.html#fcb6b88aff
WORK&TRAVEL 2.0 | KUCHARZ| luksusowe rejsy po Europie | zarobki CH,"Warszawa, Bielany",,Umowa o pracę,  brutto od 3 000 zł do,https://www.olx.pl/oferta/work-travel-2-0-kucharz-luksusowe-rejsy-po-europie-zarobki-ch-CID4-IDAeOzR.html#fcb6b88aff
Club Mirage zatrudni barmanów/barmanki,"Warszawa, Białołęka",Pełny etat,Umowa o pracę, 4 000 zł/mies.  brutto od,https://www.olx.pl/oferta/club-mirage-zatrudni-barmanow-barmanki-CID4-IDBuFBd.html#fcb6b88aff
Kelnerzy - Praca,"Warszawa, Wilanów",,Umowa o pracę, 18 zł do 20 zł/godz.,https://www.olx.pl/oferta/kelnerzy-praca-CID4-IDCzWQo.html#fcb6b88aff
Zatrudnię pomoc kuchenną,"Warszawa, Śródmieście",Niepełny etat,Umowa o pracę,  brutto od 18 zł do,https://www.olx.pl/oferta/zatrudnie-pomoc-kuchenna-CID4-IDCRxzZ.html#fcb6b88aff
Restauracja Concept 13 zatrudni recepcjonistkę,"Warszawa, Śródmieście",,Umowa o pracę, 20 zł/godz.  brutto od,https://www.olx.pl/oferta/restauracja-concept-13-zatrudni-recepcjonistke-CID4-IDAmzn2.html#fcb6b88aff
Praca Szuka Ludzi!,"Warszawa, Śródmieście",Pełny etat,Umowa o pracę, 12 zł do 15 zł/godz.,https://www.olx.pl/oferta/praca-szuka-ludzi-CID4-IDCxYza.html#fcb6b88aff;promoted
Pracownik kuchni - Targówek,"Warszawa, Targówek",,Umowa o pracę,  brutto2 400 zł/mies. brutto,https://www.olx.pl/oferta/pracownik-kuchni-targowek-CID4-IDCmgbo.html#fcb6b88aff
Zatrudnię cukiernika oraz osoby do działu cukierniczego,"Warszawa, Śródmieście",Pełny etat,Umowa o pracę, od 11 zł do 14 zł,https://www.olx.pl/oferta/zatrudnie-cukiernika-oraz-osoby-do-dzialu-cukierniczego-CID4-IDCRce7.html#fcb6b88aff
"POMOC KUCHENNA/MŁ. KUCHARZ – Tarchomin, Warszawa, system zmianowy","Warszawa, Mokotów",,Umowa o pracę,/godz.  brutto od 2 200 zł,https://www.olx.pl/oferta/pomoc-kuchenna-ml-kucharz-tarchomin-warszawa-system-zmianowy-CID4-IDB74yW.html#fcb6b88aff
"NOWE WYŻSZE STAWKI ! 18,5 zł/h Praca w weekendy w McDonald's","Warszawa, Targówek",Pełny etat,Umowa o pracę, do 3 200 zł/mies.  brutto,https://www.olx.pl/oferta/nowe-wyzsze-stawki-18-5-zl-h-praca-w-weekendy-w-mcdonalds-CID4-IDArRVy.html#fcb6b88aff
Pomocnik kucharza na zimną kuchnię,"Warszawa, Wawer",,Umowa o pracę, od 10 zł do 14 zł,https://www.olx.pl/oferta/pomocnik-kucharza-na-zimna-kuchnie-CID4-IDCPgfD.html#fcb6b88aff
Przygotowywanie dań mącznych/ Przygotowywanie sałatek,"Warszawa, Białołęka",Pełny etat,Umowa o pracę,/godz.  brutto22 zł/mies.,https://www.olx.pl/oferta/przygotowywanie-dan-macznych-przygotowywanie-salatek-CID4-IDCq8lt.html#fcb6b88aff
kucharz,"Warszawa, Ursynów",,Umowa o pracę, brutto od 14 zł do,https://www.olx.pl/oferta/kucharz-CID4-IDCRb8U.html#fcb6b88aff
Pracownik Max Premium Burgers Arkadia,"Warszawa, Ursynów",Pełny etat,Umowa o pracę, 15 zł/godz.  brutto od,https://www.olx.pl/oferta/pracownik-max-premium-burgers-arkadia-CID4-IDCaun6.html#fcb6b88aff
Pracownik Max Premium Burgers Wilanów,"Warszawa, Śródmieście",,Umowa o pracę, 18 zł do 23 zł/godz.,https://www.olx.pl/oferta/pracownik-max-premium-burgers-wilanow-CID4-IDv1Evz.html#fcb6b88aff
Pracownik restauracji - Galeria Mokotów,"Warszawa, Bemowo",Pełny etat,Umowa o pracę,  brutto od 28 zł do,https://www.olx.pl/oferta/pracownik-restauracji-galeria-mokotow-CID4-IDCR8YK.html#fcb6b88aff
Kelner/Kelnerka Indyjska Restauracja,"Warszawa, Śródmieście",,Umowa o pracę,None,https://www.olx.pl/oferta/kelner-kelnerka-indyjska-restauracja-CID4-IDCQZGu.html#fcb6b88aff
Pracownik do robienia pizzy,"Warszawa, Wilanów",Niepełny etat,Umowa o pracę,None,https://www.olx.pl/oferta/pracownik-do-robienia-pizzy-CID4-IDC94Tk.html#fcb6b88aff
Szpital zatrudni pomoc kuchenną,"Warszawa, Mokotów",,Umowa o pracę,None,https://www.olx.pl/oferta/szpital-zatrudni-pomoc-kuchenna-CID4-IDCQUHn.html#fcb6b88aff
Osoba na zmywak,"Warszawa, Mokotów",Pełny etat,Umowa o pracę,None,https://www.olx.pl/oferta/osoba-na-zmywak-CID4-IDCM4La.html#fcb6b88aff;promoted
Zatrudnię Szefa Kuchni,"Warszawa, Bemowo",,Umowa o pracę,None,https://www.olx.pl/oferta/zatrudnie-szefa-kuchni-CID4-IDCM3sn.html#fcb6b88aff
Kucharz poszukiwany !OCHOTA,"Warszawa, Śródmieście",Pełny etat,Umowa o pracę,None,https://www.olx.pl/oferta/kucharz-poszukiwany-ochota-CID4-IDBbNyP.html#fcb6b88aff
Praca BIUROWA Warszawa Białołęka,"Warszawa, Mokotów",,Umowa o pracę,None,https://www.olx.pl/oferta/praca-biurowa-warszawa-bialoleka-CID4-IDBut2F.html#fcb6b88aff
Osoba na ZMYWAK,"Warszawa, Bemowo",Pełny etat,Umowa o pracę,None,https://www.olx.pl/oferta/osoba-na-zmywak-CID4-IDChXsX.html#fcb6b88aff
Pomoc kuchenna do niepublicznego przedszkola na Bielanach,"Warszawa, Ochota",,Umowa o pracę,None,https://www.olx.pl/oferta/pomoc-kuchenna-do-niepublicznego-przedszkola-na-bielanach-CID4-IDzvCA2.html#fcb6b88aff
Zatrudnię szefa kuchni kuchni Polskiej,"Warszawa, Praga-Południe",Pełny etat,Umowa o pracę,None,https://www.olx.pl/oferta/zatrudnie-szefa-kuchni-kuchni-polskiej-CID4-IDCQFMg.html#fcb6b88aff
Kawiarnia - piekarnia centrum/ochota,"Warszawa, Mokotów",,Umowa o pracę,None,https://www.olx.pl/oferta/kawiarnia-piekarnia-centrum-ochota-CID4-IDCBOyJ.html#fcb6b88aff
Sprzedawca ! Sushibar handroll,"Warszawa, Bielany",Pełny etat,Umowa o pracę,None,https://www.olx.pl/oferta/sprzedawca-sushibar-handroll-CID4-IDyqvpL.html#fcb6b88aff
Zatrudnimt Kelnera,"Warszawa, Włochy",,Umowa o pracę,None,https://www.olx.pl/oferta/zatrudnimt-kelnera-CID4-IDCQzvI.html#fcb6b88aff
Pizzera,"Warszawa, Ochota",Pełny etat,Umowa o pracę,None,https://www.olx.pl/oferta/pizzera-CID4-IDAkIue.html#fcb6b88aff
Praca dla kucharza / szefa kuchni Kantyna Mokotów,"Warszawa, Śródmieście",,Umowa o pracę,None,https://www.olx.pl/oferta/praca-dla-kucharza-szefa-kuchni-kantyna-mokotow-CID4-IDCyzqo.html#fcb6b88aff
Magazynier,"Warszawa, Żoliborz",Pełny etat,Umowa o pracę,None,https://www.olx.pl/oferta/magazynier-CID4-IDCqpNJ.html#fcb6b88aff
Elektryk,"Warszawa, Rembertów",,Umowa o pracę,None,https://www.olx.pl/oferta/elektryk-CID4-IDC7yzt.html#fcb6b88aff
Pracownik Restauracji McDonald's Centrum,"Warszawa, Bemowo",,Umowa o pracę, od 2 900 zł do 3 007 zł,https://www.olx.pl/oferta/pracownik-restauracji-mcdonalds-centrum-CID4-IDCHHjS.html#f3271036db;promoted
Kelnerka,"Warszawa, Śródmieście",Pełny etat,Umowa o pracę,/mies.  brutto od 3 000 zł,https://www.olx.pl/oferta/kelnerka-CID4-IDCAsvl.html#f3271036db;promoted
Praca w pierogarni,"Warszawa, Praga-Północ",,Umowa o pracę, do 5 000 zł/mies.  brutto,https://www.olx.pl/oferta/praca-w-pierogarni-CID4-IDCQieX.html#f3271036db
Pracownik cateringu,"Warszawa, Śródmieście",Pełny etat,Umowa o pracę, od 15 zł do 17 zł,https://www.olx.pl/oferta/pracownik-cateringu-CID4-IDCylKJ.html#f3271036db
Osobę na zmywak do lunchbaru na Ochocie,"Warszawa, Ursus",,Umowa o pracę,/godz.  brutto3 200 zł/mies.,https://www.olx.pl/oferta/osobe-na-zmywak-do-lunchbaru-na-ochocie-CID4-IDyULyS.html#f3271036db
Kucharz cateringowy,"Warszawa, Targówek",Pełny etat,Umowa o pracę, brutto od 3 500 zł do,https://www.olx.pl/oferta/kucharz-cateringowy-CID4-IDCyisJ.html#f3271036db
Zatrudnię barmanów,"Warszawa, Śródmieście",,Umowa o pracę, 4 000 zł/mies.  brutto od,https://www.olx.pl/oferta/zatrudnie-barmanow-CID4-IDBRiqD.html#f3271036db
Kucharza oraz pomocnika kucharza,"Warszawa, Wola",Pełny etat,Umowa o pracę, 3 500 zł do 4 000 zł/mies.,https://www.olx.pl/oferta/kucharza-oraz-pomocnika-kucharza-CID4-IDBDfHN.html#f3271036db
Barman w 5* hotelu,"Warszawa, Ochota",,Umowa o pracę,  brutto od 4 000 zł do,https://www.olx.pl/oferta/barman-w-5-hotelu-CID4-IDCQ1WY.html#f3271036db
Pracownik McDonald's CH.Promnada -zmiana nocna lub weekedny,"Warszawa, Wola",Pełny etat,Umowa o pracę, 4 500 zł/mies.  brutto3 200 zł,https://www.olx.pl/oferta/pracownik-mcdonalds-ch-promnada-zmiana-nocna-lub-weekedny-CID4-IDCQ17i.html#f3271036db
Kelner/Kelnerka,"Warszawa, Śródmieście",,Umowa o pracę,/mies. brutto od 3 300 zł,https://www.olx.pl/oferta/kelner-kelnerka-CID4-IDCy3Iz.html#f3271036db
Barista,"Warszawa, Wola",Pełny etat,Umowa o pracę, do 3 500 zł/mies.  brutto,https://www.olx.pl/oferta/barista-CID4-IDCxYlu.html#f3271036db
zatrudnimy pania zmywajaca,"Warszawa, Śródmieście",,Umowa o pracę, od 17 zł do 18 zł,https://www.olx.pl/oferta/zatrudnimy-pania-zmywajaca-CID4-IDCjR3b.html#f3271036db
Kucharz,"Warszawa, Praga-Południe",Pełny etat,Umowa o pracę,/godz.  brutto od 4 000 zł,https://www.olx.pl/oferta/kucharz-CID4-IDCPPKt.html#f3271036db
Kucharz produkcyjny/wydawkowy,"Warszawa, Ursus",,Umowa o pracę, do 5 000 zł/mies.  brutto,https://www.olx.pl/oferta/kucharz-produkcyjny-wydawkowy-CID4-IDBiwwS.html#f3271036db
Kucharz Kuchnia Ciepła,"Warszawa, Praga-Południe",Pełny etat,Umowa o pracę,6 000 zł/mies. brutto3 000 zł,https://www.olx.pl/oferta/kucharz-kuchnia-ciepla-CID4-IDCPMVg.html#f3271036db
Kameralne przedszkole w Wilanowie zatrudni osobę do pracy w kuchni,"Warszawa, Ochota",,Umowa o pracę,/mies. brutto od 13 zł,https://www.olx.pl/oferta/kameralne-przedszkole-w-wilanowie-zatrudni-osobe-do-pracy-w-kuchni-CID4-IDysX2m.html#f3271036db
Kontroler jakości finalnego produktu - catering,"Warszawa, Ochota",Pełny etat,Umowa o pracę, do 15 zł/mies.  brutto,https://www.olx.pl/oferta/kontroler-jakosci-finalnego-produktu-catering-CID4-IDCKS0b.html#f3271036db
Manager lokalu gastronomicznego,"Warszawa, Śródmieście",,Umowa o pracę, od 4 000 zł do 5 000 zł,https://www.olx.pl/oferta/manager-lokalu-gastronomicznego-CID4-IDCPzB9.html#f3271036db
Kierownik zmiany-kelner PORT ROYAL,"Warszawa, Mokotów",Pełny etat,Umowa o pracę,/mies.  brutto od 14 zł,https://www.olx.pl/oferta/kierownik-zmiany-kelner-port-royal-CID4-IDCDLXL.html#f3271036db
Kucharz Zmianowy,"Warszawa, Wilanów",,Umowa o pracę, do 16 zł/godz.  brutto,https://www.olx.pl/oferta/kucharz-zmianowy-CID4-IDCPovl.html#f3271036db
Restauracja w Śródmieściu zatrudni Panią do zmywania,"Warszawa, Włochy",Pełny etat,Umowa o pracę,15 zł/godz. brutto od,https://www.olx.pl/oferta/restauracja-w-srodmiesciu-zatrudni-pania-do-zmywania-CID4-IDCPkWU.html#f3271036db;promoted
Zatrudnię Kelnerkę/Kelnera do Restauracji Sushi na Bielanach,"Warszawa, Praga-Południe",,Umowa o pracę, 3 000 zł do 5 000 zł/mies.,https://www.olx.pl/oferta/zatrudnie-kelnerke-kelnera-do-restauracji-sushi-na-bielanach-CID4-IDBOhxP.html#f3271036db
Kucharz,"Warszawa, Śródmieście",Pełny etat,Umowa o pracę,  brutto od 3 300 zł do,https://www.olx.pl/oferta/kucharz-CID4-IDBYqHa.html#f3271036db
Pomoc kuchenna/zmywak Białołęka / Tarchomin / Wawer Radość,"Warszawa, Mokotów",,Umowa o pracę, 4 100 zł/mies.  brutto3 500 zł,https://www.olx.pl/oferta/pomoc-kuchenna-zmywak-bialoleka-tarchomin-wawer-radosc-CID4-IDC1L9v.html#f3271036db
Kucharz | Restauracja Warszawa Bielany,"Warszawa, Śródmieście",Pełny etat,Umowa o pracę,/mies. brutto od 2 800 zł,https://www.olx.pl/oferta/kucharz-restauracja-warszawa-bielany-CID4-IDC3W6E.html#f3271036db
Pomoc kuchenna - praca od zaraz,"Warszawa, Białołęka",,Umowa o pracę, do 3 200 zł/mies.  brutto,https://www.olx.pl/oferta/pomoc-kuchenna-praca-od-zaraz-CID4-IDCOYfh.html#f3271036db
Pracownik Kebab Amal,"Warszawa, Praga-Północ",Pełny etat,Umowa o pracę,None,https://www.olx.pl/oferta/pracownik-kebab-amal-CID4-IDpMjqt.html#f3271036db
Kelner/Barista,"Warszawa, Śródmieście",,Umowa o pracę,None,https://www.olx.pl/oferta/kelner-barista-CID4-IDyQIiR.html#f3271036db
Sprzedawca sklepu spożywczego,"Warszawa, Białołęka",Pełny etat,Umowa o pracę,None,https://www.olx.pl/oferta/sprzedawca-sklepu-spozywczego-CID4-IDyE0Lw.html#f3271036db
Recepcjonistka - Hotel,"Warszawa, Bielany",,Umowa o pracę,None,https://www.olx.pl/oferta/recepcjonistka-hotel-CID4-IDCEfS9.html#f3271036db
Kucharka/kucharz - catering dietetyczny wegetariański,"Warszawa, Mokotów",Pełny etat,Umowa o pracę,None,https://www.olx.pl/oferta/kucharka-kucharz-catering-dietetyczny-wegetarianski-CID4-IDA53XW.html#f3271036db
Zatrudnimy Początkującego kucharza sushi,"Warszawa, Bemowo",,Umowa o pracę,None,https://www.olx.pl/oferta/zatrudnimy-poczatkujacego-kucharza-sushi-CID4-IDCOEX6.html#f3271036db
Ciastkarz - ciasto francuskie,"Warszawa, Praga-Północ",Pełny etat,Umowa o pracę,None,https://www.olx.pl/oferta/ciastkarz-ciasto-francuskie-CID4-IDBPRWJ.html#f3271036db
poszukujemy kierowcy - dostawcy,"Warszawa, Mokotów",,Umowa o pracę,None,https://www.olx.pl/oferta/poszukujemy-kierowcy-dostawcy-CID4-IDCOzNz.html#f3271036db
Asystenta menadżera a także pomoc kucharza w małym bistro,"Warszawa, Wola",Pełny etat,Umowa o pracę,None,https://www.olx.pl/oferta/asystenta-menadzera-a-takze-pomoc-kucharza-w-malym-bistro-CID4-IDCLp8V.html#f3271036db
Praca,"Warszawa, Ursus",,Umowa o pracę,None,https://www.olx.pl/oferta/praca-CID4-IDCOxJc.html#f3271036db
Kelnerka,"Warszawa, Mokotów",Pełny etat,Umowa o pracę,None,https://www.olx.pl/oferta/kelnerka-CID4-IDCAsvl.html#f3271036db;promoted
"Kelner cateringowy, praca na stałe!","Warszawa, Praga-Północ",,Umowa o pracę,None,https://www.olx.pl/oferta/kelner-cateringowy-praca-na-stale-CID4-IDB75qy.html#f3271036db
McDonald's Wileńska- NOWE STAWKI,"Warszawa, Bielany",,Umowa o pracę, od 4 000 zł do 5 000 zł,https://www.olx.pl/oferta/mcdonalds-wilenska-nowe-stawki-CID4-IDxkbVF.html#c5ae80243a;promoted
Poszukujemy kucharza liniowego,"Warszawa, Praga-Północ",Pełny etat,Umowa o pracę,/mies.  brutto od 2 800 zł,https://www.olx.pl/oferta/poszukujemy-kucharza-liniowego-CID4-IDBbgO6.html#c5ae80243a;promoted
Pracownik Restauracji McDonald's Centrum,"Warszawa, Targówek",,Umowa o pracę, do 3 000 zł/mies.  brutto,https://www.olx.pl/oferta/pracownik-restauracji-mcdonalds-centrum-CID4-IDCHHjS.html#c5ae80243a;promoted
Restauracja McDonalds Połczyńska zatrudni LIDERA GOŚCINNOŚCI,"Warszawa, Praga-Północ",Niepełny etat,Umowa o pracę, od 17 zł do 18 zł,https://www.olx.pl/oferta/restauracja-mcdonalds-polczynska-zatrudni-lidera-goscinnosci-CID4-IDAymlc.html#c5ae80243a
Barmanka do Cocktail Baru,"Warszawa, Śródmieście",,Umowa o pracę,/godz.  brutto od 18 zł,https://www.olx.pl/oferta/barmanka-do-cocktail-baru-CID4-IDCBQ8n.html#c5ae80243a
Restauracja ZEGARMISTRZOWSKA szuka zdolnego kucharza OD ZARAZ,"Warszawa, Bemowo",Pełny etat,Umowa o pracę, do 21 zł/godz.  brutto,https://www.olx.pl/oferta/restauracja-zegarmistrzowska-szuka-zdolnego-kucharza-od-zaraz-CID4-IDCH1An.html#c5ae80243a
Cukiernik,"Warszawa, Śródmieście",,Umowa o pracę,3 200 zł/mies. brutto od,https://www.olx.pl/oferta/cukiernik-CID4-IDCH046.html#c5ae80243a
Hala Koszyki - restauracja Jeff's zatrudni kucharzy,"Warszawa, Mokotów",Pełny etat,Umowa o pracę, 17 zł do 18 zł/godz.,https://www.olx.pl/oferta/hala-koszyki-restauracja-jeffs-zatrudni-kucharzy-CID4-IDCGCtn.html#c5ae80243a
Restauracja zatrudni osobę na kuchnie zimną,"Warszawa, Targówek",,Umowa o pracę,  brutto od 3 500 zł do,https://www.olx.pl/oferta/restauracja-zatrudni-osobe-na-kuchnie-zimna-CID4-IDCaZcf.html#c5ae80243a
Pani do lepienia pierogów,"Warszawa, Mokotów",Pełny etat,Umowa o pracę, 6 000 zł/mies.  brutto od,https://www.olx.pl/oferta/pani-do-lepienia-pierogow-CID4-IDC87A7.html#c5ae80243a
Zatrudnię pomoc kuchni Warszawa-Falenica,"Warszawa, Śródmieście",,Umowa o pracę, 17 zł do 21 zł/godz.,https://www.olx.pl/oferta/zatrudnie-pomoc-kuchni-warszawa-falenica-CID4-IDCFTRG.html#c5ae80243a
.Kasjer/ka 2500zł netto,"Warszawa, Targówek",Pełny etat,Umowa o pracę,  brutto od 3 000 zł do,https://www.olx.pl/oferta/kasjer-ka-2500zl-netto-CID4-IDBIVk0.html#c5ae80243a
.Pomoc kuchenna- osoba do zmywania i produkcji surówek 2500netto,"Warszawa, Wawer",,Umowa o pracę, 4 000 zł/mies.  brutto od,https://www.olx.pl/oferta/pomoc-kuchenna-osoba-do-zmywania-i-produkcji-surowek-2500netto-CID4-IDBEMEx.html#c5ae80243a
Włoska restauracja zatrudni na stanowisko pomoc kucharza/pomoc pizzera,"Warszawa, Bielany",Pełny etat,Umowa o pracę, 3 000 zł do 4 000 zł/mies.,https://www.olx.pl/oferta/wloska-restauracja-zatrudni-na-stanowisko-pomoc-kucharza-pomoc-pizzera-CID4-IDCFlpj.html#c5ae80243a
Barista/Baristka,"Warszawa, Bielany",,Umowa o pracę,  brutto od 4 000 zł do,https://www.olx.pl/oferta/barista-baristka-CID4-IDCFk0N.html#c5ae80243a
Kucharz poszukiwany.,"Warszawa, Bielany",Pełny etat,Umowa o pracę, 6 000 zł/mies.  brutto3 500 zł,https://www.olx.pl/oferta/kucharz-poszukiwany-CID4-IDB7fId.html#c5ae80243a
Dostawca Pizzy.,"Warszawa, Ochota",,Umowa o pracę,/mies. brutto od 15 zł,https://www.olx.pl/oferta/dostawca-pizzy-CID4-IDzvSjw.html#c5ae80243a
Barmana/Barmankę wydawkowego do PariPari w Złotych Tarasach,"Warszawa, Praga-Południe",Pełny etat,Umowa o pracę, do 17 zł/godz.  brutto,https://www.olx.pl/oferta/barmana-barmanke-wydawkowego-do-paripari-w-zlotych-tarasach-CID4-IDvhaWG.html#c5ae80243a
Kucharz do restauracji PariPari w Złotych Tarasach,"Warszawa, Bielany",,Umowa o pracę, od 16 zł do 20 zł,https://www.olx.pl/oferta/kucharz-do-restauracji-paripari-w-zlotych-tarasach-CID4-IDuwNSP.html#c5ae80243a
Kelner / Kelnerka do Restauracji Hotelu i do Cateringu Wawa,"Warszawa, Bielany",Pełny etat,Umowa o pracę,/godz.  brutto od 3 500 zł,https://www.olx.pl/oferta/kelner-kelnerka-do-restauracji-hotelu-i-do-cateringu-wawa-CID4-IDCFerL.html#c5ae80243a
Praca Kelnera Restauracja Tandoor,"Warszawa, Śródmieście",,Umowa o pracę, do 5 000 zł/mies.  brutto,https://www.olx.pl/oferta/praca-kelnera-restauracja-tandoor-CID4-IDC3pKA.html#c5ae80243a
sieć restauracji 7 Street zatrudni na stanowisku Kucharz,"Warszawa, Śródmieście",Pełny etat,Umowa o pracę,16 zł/mies. brutto od,https://www.olx.pl/oferta/siec-restauracji-7-street-zatrudni-na-stanowisku-kucharz-CID4-IDAqWJI.html#c5ae80243a
Pomoc kuchni że znajomością gotowania,"Warszawa, Śródmieście",,Umowa o pracę, 5 000 zł do 7 000 zł/mies.,https://www.olx.pl/oferta/pomoc-kuchni-ze-znajomoscia-gotowania-CID4-IDCFd5f.html#c5ae80243a
Praca dla kucharza,"Warszawa, Śródmieście",Pełny etat,Umowa o pracę,  brutto od 3 500 zł do,https://www.olx.pl/oferta/praca-dla-kucharza-CID4-IDCFc1m.html#c5ae80243a
Szef Kuchni Bierhalle Warszawa,"Warszawa, Wola",,Umowa o pracę, 4 500 zł/mies.  brutto od,https://www.olx.pl/oferta/szef-kuchni-bierhalle-warszawa-CID4-IDB1uwN.html#c5ae80243a
Kierownik Zmiany - Bierhalle Warszawa,"Warszawa, Włochy",Niepełny etat,Umowa o pracę, 2 000 zł do 4 000 zł/mies.,https://www.olx.pl/oferta/kierownik-zmiany-bierhalle-warszawa-CID4-IDAPr4v.html#c5ae80243a
Praca w kawiarni z bistro na Bemowie. Kuchnia polska.,"Warszawa, Mokotów",,Umowa o pracę,  brutto4 500 zł/mies. brutto,https://www.olx.pl/oferta/praca-w-kawiarni-z-bistro-na-bemowie-kuchnia-polska-CID4-IDC7KWR.html#c5ae80243a
Praca dla Zastępcy Szefa Kuchni,"Warszawa, Śródmieście",Pełny etat,Umowa o pracę,3 350 zł/mies. brutto30 zł,https://www.olx.pl/oferta/praca-dla-zastepcy-szefa-kuchni-CID4-IDBQfDX.html#c5ae80243a
Barmanka/kelnerka w lokalu gastronomicznym,"Warszawa, Śródmieście",,Umowa o pracę,/godz. brutto od 3 000 zł,https://www.olx.pl/oferta/barmanka-kelnerka-w-lokalu-gastronomicznym-CID4-IDziMzb.html#c5ae80243a
"Konfekcjoner (3350 brutto, możliwa część etatu)","Warszawa, Bemowo",Pełny etat,Umowa o pracę, do 4 000 zł/mies.  brutto,https://www.olx.pl/oferta/konfekcjoner-3350-brutto-mozliwa-czesc-etatu-CID4-IDwUs8w.html#c5ae80243a
Samodzielna/y kucharka/kucharz (praca 7godz. dziennie),"Warszawa, Mokotów",,Umowa o pracę, od 4 000 zł do 5 000 zł,https://www.olx.pl/oferta/samodzielna-y-kucharka-kucharz-praca-7godz-dziennie-CID4-IDAJFUs.html#c5ae80243a
.Pomoc kuchni Express Oriental Młociny :) 2500 netto,"Warszawa, Praga-Południe",Pełny etat,Umowa o pracę,/mies.  brutto od 3 000 zł,https://www.olx.pl/oferta/pomoc-kuchni-express-oriental-mlociny-2500-netto-CID4-IDBIWQ6.html#c5ae80243a
.Pomocnik kucharza Oriental Galeria Młociny 3000netto,"Warszawa, Bielany",,Umowa o pracę, do 4 000 zł/mies.  brutto,https://www.olx.pl/oferta/pomocnik-kucharza-oriental-galeria-mlociny-3000netto-CID4-IDC4IHl.html#c5ae80243a
.Obsługa klienta przy kasie Express Oriental Galeria Młociny,"Warszawa, Praga-Północ",Pełny etat,Umowa o pracę, od 18 zł do 22 zł,https://www.olx.pl/oferta/obsluga-klienta-przy-kasie-express-oriental-galeria-mlociny-CID4-IDBIVr8.html#c5ae80243a
Praca dla kucharza w FEST Port Czerniakowski,"Warszawa, Bielany",,Umowa o pracę,/godz.  brutto od 4 000 zł,https://www.olx.pl/oferta/praca-dla-kucharza-w-fest-port-czerniakowski-CID4-IDCEwJp.html#c5ae80243a
Szef Kuchni / Zastępca Szefa Kuchni- Nowa Restauracja,"Warszawa, Bielany",Niepełny etat,Umowa o pracę, do 6 000 zł/mies.  brutto,https://www.olx.pl/oferta/szef-kuchni-zastepca-szefa-kuchni-nowa-restauracja-CID4-IDCyaKz.html#c5ae80243a
Dozorca/Magazynier,"Warszawa, Bielany",,Umowa o pracę,3 000 zł/mies. brutto od,https://www.olx.pl/oferta/dozorca-magazynier-CID4-IDCEpyO.html#c5ae80243a
Kierowca do cateringu,"Warszawa, Śródmieście",Pełny etat,Umowa o pracę, 3 800 zł do 5 000 zł/mies.,https://www.olx.pl/oferta/kierowca-do-cateringu-CID4-IDBEx1c.html#c5ae80243a
Kucharz wydający do restauracji SAM Żoliborz,"Warszawa, Śródmieście",,Umowa o pracę,None,https://www.olx.pl/oferta/kucharz-wydajacy-do-restauracji-sam-zoliborz-CID4-IDABuPp.html#c5ae80243a
Barman Orzo Pl. Konstytucji,"Warszawa, Bielany",Pełny etat,Umowa o pracę,None,https://www.olx.pl/oferta/barman-orzo-pl-konstytucji-CID4-IDzOkIS.html#c5ae80243a
osoba do pomocy w kuchni w szkole,"Warszawa, Śródmieście",,Umowa o pracę,None,https://www.olx.pl/oferta/osoba-do-pomocy-w-kuchni-w-szkole-CID4-IDCdfjX.html#c5ae80243a
Dworzec Wileński - Kierownik Zmiany McDonald's,"Warszawa, Wola",,Umowa o pracę, od 4 000 zł do 4 200 zł,https://www.olx.pl/oferta/dworzec-wilenski-kierownik-zmiany-mcdonalds-CID4-IDBLNLk.html#9c904b60f5;promoted
SZEF KUCHNI/Szef Produkcji - Catering dla Przedzkoli,"Warszawa, Praga-Północ",Pełny etat,Umowa o pracę,/mies.  brutto od 4 120 zł,https://www.olx.pl/oferta/szef-kuchni-szef-produkcji-catering-dla-przedzkoli-CID4-IDCGb7e.html#9c904b60f5;promoted
Restauracja Mcdonald's Modlińska szuka MANAGERA restauracji. Dołącz!,"Warszawa, Śródmieście",,Umowa o pracę, do 4 300 zł/mies.  brutto,https://www.olx.pl/oferta/restauracja-mcdonalds-modlinska-szuka-managera-restauracji-dolacz-CID4-IDr5n2P.html#9c904b60f5;promoted
pomoc na kuchnie do małego baru!,"Warszawa, Praga-Południe",Pełny etat,Umowa o pracę, od 2 500 zł do 3 000 zł,https://www.olx.pl/oferta/pomoc-na-kuchnie-do-malego-baru-CID4-IDCEeke.html#9c904b60f5
Barista,"Warszawa, Białołęka",,Umowa o pracę,/mies.  brutto od 3 500 zł,https://www.olx.pl/oferta/barista-CID4-IDBxEy8.html#9c904b60f5
kuchnia cateringowa - pełny etat - praca dzienna - Boernerowo,"Warszawa, Praga-Południe",Pełny etat,Umowa o pracę, do 4 000 zł/mies.  brutto,https://www.olx.pl/oferta/kuchnia-cateringowa-pelny-etat-praca-dzienna-boernerowo-CID4-IDzZD3j.html#9c904b60f5
Pracownik do wydawania posiłków w Bistro,"Warszawa, Śródmieście",,Umowa o pracę, od 4 120 zł do 4 300 zł,https://www.olx.pl/oferta/pracownik-do-wydawania-posilkow-w-bistro-CID4-IDCE96A.html#9c904b60f5
Restauracja Mcdonald's Modlińska szuka MANAGERA restauracji. Dołącz!,"Warszawa, Bemowo",Pełny etat,Umowa o pracę,/mies.  brutto od 17 zł,https://www.olx.pl/oferta/restauracja-mcdonalds-modlinska-szuka-managera-restauracji-dolacz-CID4-IDr5n2P.html#9c904b60f5;promoted
Dam pracę od zaraz jako pomoc kuchenna w bufecie pracowniczym,"Warszawa, Praga-Północ",,Umowa o pracę, do 20 zł/godz.  brutto,https://www.olx.pl/oferta/dam-prace-od-zaraz-jako-pomoc-kuchenna-w-bufecie-pracowniczym-CID4-IDCDXzZ.html#9c904b60f5
Zatrudnię cukiernika,"Warszawa, Białołęka",Pełny etat,Umowa o pracę,20 zł/godz. brutto od,https://www.olx.pl/oferta/zatrudnie-cukiernika-CID4-IDCDWIv.html#9c904b60f5
Pracownik bubbletea sklep（ul.marszalkowska）,"Warszawa, Praga-Północ",,Umowa o pracę, 2 500 zł do 4 000 zł/mies.,https://www.olx.pl/oferta/pracownik-bubbletea-sklepul-marszalkowska-CID4-IDCDRT5.html#9c904b60f5
Kelnerka do restauracji sushi,"Warszawa, Wawer",Pełny etat,Umowa o pracę,  brutto od 3 000 zł do,https://www.olx.pl/oferta/kelnerka-do-restauracji-sushi-CID4-IDB2DXE.html#9c904b60f5
kelner śniadaniowy do 5* hotelu w centrum,"Warszawa, Śródmieście",,Umowa o pracę, 3 700 zł/mies.  brutto15 zł,https://www.olx.pl/oferta/kelner-sniadaniowy-do-5-hotelu-w-centrum-CID4-IDCDvef.html#9c904b60f5
PIZZER zatrudni restayracja na żoliborzu/ursynowie,"Warszawa, Mokotów",Pełny etat,Umowa o pracę,/godz. brutto od 3 000 zł,https://www.olx.pl/oferta/pizzer-zatrudni-restayracja-na-zoliborzu-ursynowie-CID4-IDCy86I.html#9c904b60f5
Zatrudnię samodzielnego kucharza-kucharkę,"Warszawa, Śródmieście",,Umowa o pracę, do 4 800 zł/mies.  brutto,https://www.olx.pl/oferta/zatrudnie-samodzielnego-kucharza-kucharke-CID4-IDBnFva.html#9c904b60f5
Praca na zmywaku,"Warszawa, Żoliborz",Pełny etat,Umowa o pracę,18 zł/godz. brutto16 zł,https://www.olx.pl/oferta/praca-na-zmywaku-CID4-IDC5fLT.html#9c904b60f5
Kelnerka/Ekspedientka do kawiarnio - cukierni,"Warszawa, Wesoła",,Umowa o pracę,/godz. brutto od 22 zł,https://www.olx.pl/oferta/kelnerka-ekspedientka-do-kawiarnio-cukierni-CID4-IDtNqIH.html#9c904b60f5
Zatrudnię kucharza/kucharkę,"Warszawa, Wola",Pełny etat,Umowa o pracę, do 24 zł/godz.  brutto,https://www.olx.pl/oferta/zatrudnie-kucharza-kucharke-CID4-IDCD0O2.html#9c904b60f5
Kelnerka Sushi House Radość,"Warszawa, Śródmieście",,Umowa o pracę, od 3 000 zł do 5 000 zł,https://www.olx.pl/oferta/kelnerka-sushi-house-radosc-CID4-IDC34Tn.html#9c904b60f5
Szef Zmiany Restauracji Śniadaniowej w hotelu 4*,"Warszawa, Praga-Północ",Pełny etat,Umowa o pracę,/mies.  brutto od 2 700 zł,https://www.olx.pl/oferta/szef-zmiany-restauracji-sniadaniowej-w-hotelu-4-CID4-IDCah33.html#9c904b60f5
Praca kelnerka lub pomoc kuchni,"Warszawa, Wawer",,Umowa o pracę, do 3 200 zł/mies.  brutto,https://www.olx.pl/oferta/praca-kelnerka-lub-pomoc-kuchni-CID4-IDCCBPv.html#9c904b60f5
Restauracja samoobsługowa zatrudni Pomoc kuchenną,"Warszawa, Ochota",Pełny etat,Umowa o pracę, od 4 500 zł do 6 000 zł,https://www.olx.pl/oferta/restauracja-samoobslugowa-zatrudni-pomoc-kuchenna-CID4-IDCzTF4.html#9c904b60f5
"Pracownik kuchni, szybka wydawka – również bez doświadczenia","Warszawa, Śródmieście",,Umowa o pracę,/mies.  brutto od 3 000 zł,https://www.olx.pl/oferta/pracownik-kuchni-szybka-wydawka-rowniez-bez-doswiadczenia-CID4-IDBskFZ.html#9c904b60f5
Restauracja Sinnet zatrudni kucharza,"Warszawa, Mokotów",Pełny etat,Umowa o pracę, do 6 000 zł/mies.  brutto,https://www.olx.pl/oferta/restauracja-sinnet-zatrudni-kucharza-CID4-IDBgFtD.html#9c904b60f5
"Sprzedawca, obsługa klienta. Nowoczesny punkt gastronomiczny","Warszawa, Śródmieście",,Umowa o pracę, od 3 400 zł do 3 600 zł,https://www.olx.pl/oferta/sprzedawca-obsluga-klienta-nowoczesny-punkt-gastronomiczny-CID4-IDCCswR.html#9c904b60f5
Od zaraz praca w kawiarnio-naleśnikarni w Centrum,"Warszawa, Mokotów",Pełny etat,Umowa o pracę,None,https://www.olx.pl/oferta/od-zaraz-praca-w-kawiarnio-nalesnikarni-w-centrum-CID4-IDBKRAc.html#9c904b60f5
Pilnie zmywającą pomoc kuchni do bistro,"Warszawa, Ursynów",,Umowa o pracę,None,https://www.olx.pl/oferta/pilnie-zmywajaca-pomoc-kuchni-do-bistro-CID4-IDAxIkX.html#9c904b60f5
Kucharz do małego punktu gastronomicznego,"Warszawa, Śródmieście",Pełny etat,Umowa o pracę,None,https://www.olx.pl/oferta/kucharz-do-malego-punktu-gastronomicznego-CID4-IDBerkM.html#9c904b60f5
Kucharz/ pomoc kuchenna do klubokawiarni,"Warszawa, Włochy",,Umowa o pracę,None,https://www.olx.pl/oferta/kucharz-pomoc-kuchenna-do-klubokawiarni-CID4-IDCCk05.html#9c904b60f5
Pizzaiolo w Otto!,"Warszawa, Wola",Niepełny etat,Umowa o pracę,None,https://www.olx.pl/oferta/pizzaiolo-w-otto-CID4-IDBcaBo.html#9c904b60f5
Kucharz- Warszawa - Gocław,"Warszawa, Ursynów",,Umowa o pracę,None,https://www.olx.pl/oferta/kucharz-warszawa-goclaw-CID4-IDCC1xS.html#9c904b60f5
"Zatrudnimy kelnerkę, elastyczny grafik dobre waunki","Warszawa, Wola",Pełny etat,Umowa o pracę,None,https://www.olx.pl/oferta/zatrudnimy-kelnerke-elastyczny-grafik-dobre-waunki-CID4-IDAqXNI.html#9c904b60f5
Chicago's Pizza zatrudni pracowników,"Warszawa, Praga-Południe",,Umowa o pracę,None,https://www.olx.pl/oferta/chicagos-pizza-zatrudni-pracownikow-CID4-IDCBRsI.html#9c904b60f5
"Restauracja Stary Dom zatrudni Cukiernika, Pomocnika Cukiernika","Warszawa, Ursynów",Pełny etat,Umowa o pracę,None,https://www.olx.pl/oferta/restauracja-stary-dom-zatrudni-cukiernika-pomocnika-cukiernika-CID4-IDCBPF2.html#9c904b60f5
Bemowo Zatrudnię kucharza lub kucharkę,"Warszawa, Praga-Południe",,Umowa o pracę,None,https://www.olx.pl/oferta/bemowo-zatrudnie-kucharza-lub-kucharke-CID4-IDBPiOs.html#9c904b60f5
Kelner/Kelnerka do restauracji w Centrum,"Warszawa, Mokotów",Pełny etat,Umowa o pracę,None,https://www.olx.pl/oferta/kelner-kelnerka-do-restauracji-w-centrum-CID4-IDCBzsx.html#9c904b60f5
Sushi Master - restauracja sushi,"Warszawa, Bemowo",,Umowa o pracę,None,https://www.olx.pl/oferta/sushi-master-restauracja-sushi-CID4-IDssGCX.html#9c904b60f5
Mięsny Deli & Bistro zatrudni Sous Chefa i kucharza na grill,"Warszawa, Śródmieście",Pełny etat,Umowa o pracę,None,https://www.olx.pl/oferta/miesny-deli-bistro-zatrudni-sous-chefa-i-kucharza-na-grill-CID4-IDCBsVs.html#9c904b60f5
Restauracja przyjmie osobę do pracy na kuchni od ZARAZ,"Warszawa, Białołęka",,Umowa o pracę,None,https://www.olx.pl/oferta/restauracja-przyjmie-osobe-do-pracy-na-kuchni-od-zaraz-CID4-IDC3R8o.html#9c904b60f5
"Restauracja ""Kacperek"" na bródniec Zatrudni na ETAT KUCHARKĘ","Warszawa, Praga-Południe",Pełny etat,Umowa o pracę,None,https://www.olx.pl/oferta/restauracja-kacperek-na-brodniec-zatrudni-na-etat-kucharke-CID4-IDCAHgb.html#9c904b60f5
"Restauracja ""Kacperek"" na bródnie Zatudnie na etat POMOC KUCHNI","Warszawa, Mokotów",,Umowa o pracę,None,https://www.olx.pl/oferta/restauracja-kacperek-na-brodnie-zatudnie-na-etat-pomoc-kuchni-CID4-IDCAGNI.html#9c904b60f5
Kucharz,"Warszawa, Targówek",Pełny etat,Umowa o pracę,None,https://www.olx.pl/oferta/kucharz-CID4-IDCADMu.html#9c904b60f5
Restauracja w Śródmieściu zatrudni Panią do zmywania,"Warszawa, Śródmieście",,Umowa o pracę, od 3 000 zł do 4 000 zł,https://www.olx.pl/oferta/restauracja-w-srodmiesciu-zatrudni-pania-do-zmywania-CID4-IDCPkWU.html#368e70fcfd;promoted
"NOWE WYŻSZE STAWKI 18,50 zł/h Pracownik Restauracji McDonald's WŁOCHY","Warszawa, Śródmieście",Pełny etat,Umowa o pracę,/mies.  brutto od 3 500 zł,https://www.olx.pl/oferta/nowe-wyzsze-stawki-18-50-zl-h-pracownik-restauracji-mcdonalds-wlochy-CID4-IDwDopn.html#368e70fcfd;promoted
Restauracja w centrum zatrudni Panią zmywajacą,"Warszawa, Śródmieście",,Umowa o pracę, do 4 000 zł/mies.  brutto,https://www.olx.pl/oferta/restauracja-w-centrum-zatrudni-pania-zmywajaca-CID4-IDAq0lh.html#368e70fcfd
Zatrudnimy osobę do pracy na kuchni -obsługa smażalnika 16-17 na rękę,"Warszawa, Bielany",Pełny etat,Umowa o pracę, od 3 180 zł do 3 200 zł,https://www.olx.pl/oferta/zatrudnimy-osobe-do-pracy-na-kuchni-obsluga-smazalnika-16-17-na-reke-CID4-IDyGU4Q.html#368e70fcfd
"Pomocnik Kucharza, Kucharz","Warszawa, Wola",,Umowa o pracę,/mies.  brutto od 2 500 zł,https://www.olx.pl/oferta/pomocnik-kucharza-kucharz-CID4-IDmv91s.html#368e70fcfd
Pracownik Max Premium Burgers Złote Tarasy/Arkadia,"Warszawa, Włochy",Pełny etat,Umowa o pracę, do 3 000 zł/mies.  brutto,https://www.olx.pl/oferta/pracownik-max-premium-burgers-zlote-tarasy-arkadia-CID4-IDCdpM0.html#368e70fcfd;promoted
Kucharz Kuchnia Zimna,"Warszawa, Śródmieście",,Umowa o pracę,15 zł/mies. brutto od,https://www.olx.pl/oferta/kucharz-kuchnia-zimna-CID4-IDzBRDj.html#368e70fcfd;promoted
Restauracja włoska zatrudni pizzera,"Warszawa, Wawer",Pełny etat,Umowa o pracę, 18 zł do 20 zł/godz.,https://www.olx.pl/oferta/restauracja-wloska-zatrudni-pizzera-CID4-IDCSTCt.html#368e70fcfd
MANEKIN Kompozytor Naleśników,"Warszawa, Śródmieście",,Umowa o pracę,  brutto od 28 zł do,https://www.olx.pl/oferta/manekin-kompozytor-nalesnikow-CID4-IDzvxtd.html#368e70fcfd
Kucharz Sałatkowy/ Wydawkowy,"Warszawa, Śródmieście",Pełny etat,Umowa o pracę, 35 zł/godz.  brutto od,https://www.olx.pl/oferta/kucharz-salatkowy-wydawkowy-CID4-IDren1f.html#368e70fcfd
kelner/kelnerka,"Warszawa, Praga-Południe",,Umowa o pracę, 14 zł do 16 zł/godz.,https://www.olx.pl/oferta/kelner-kelnerka-CID4-IDCSTme.html#368e70fcfd
Zatrudnię kucharza/kucharkę,"Warszawa, Śródmieście",Pełny etat,Umowa o pracę,  brutto18 zł/godz. brutto,https://www.olx.pl/oferta/zatrudnie-kucharza-kucharke-CID4-IDzqbGt.html#368e70fcfd
Kelnerka do Restauracji Włoskiej- Ursus,"Warszawa, Śródmieście",,Umowa o pracę, od 17 zł do 18 zł,https://www.olx.pl/oferta/kelnerka-do-restauracji-wloskiej-ursus-CID4-IDCSMEr.html#368e70fcfd
"Praca w weekendy-kasjer NOWE STAWKI 18,50zł/h McDonald's17-go Stycznia","Warszawa, Śródmieście",Pełny etat,Umowa o pracę,/godz.  brutto od 1 500 zł,https://www.olx.pl/oferta/praca-w-weekendy-kasjer-nowe-stawki-18-50zl-h-mcdonalds17-go-stycznia-CID4-IDvr334.html#368e70fcfd;promoted
"Praca kelner/ kelnerka , kasjer/ kasjerka od zaraz","Warszawa, Mokotów",,Umowa o pracę, do 1 600 zł/mies.  brutto,https://www.olx.pl/oferta/praca-kelner-kelnerka-kasjer-kasjerka-od-zaraz-CID4-IDvVNX6.html#368e70fcfd
"Kucharzy, pomoc kuchni, pracowników obsługi - od zaraz!","Warszawa, Śródmieście",Pełny etat,Umowa o pracę, od 15 zł do 20 zł,https://www.olx.pl/oferta/kucharzy-pomoc-kuchni-pracownikow-obslugi-od-zaraz-CID4-IDxJMHF.html#368e70fcfd
Pracownik restauracji McDonald's w CH TARGÓWEK. Dołącz do zespołu!,"Warszawa, Ursus",,Umowa o pracę,/mies.  brutto od 18 zł,https://www.olx.pl/oferta/pracownik-restauracji-mcdonalds-w-ch-targowek-dolacz-do-zespolu-CID4-IDe3YR5.html#368e70fcfd
Praca w WEEKENDY w McDonald's CH TARGÓWEK. Dołącz do zespołu!!!,"Warszawa, Włochy",Pełny etat,Umowa o pracę, do 35 zł/godz.  brutto,https://www.olx.pl/oferta/praca-w-weekendy-w-mcdonalds-ch-targowek-dolacz-do-zespolu-CID4-IDtiQp3.html#368e70fcfd
Pracownik restauracji McDonald's KLASYKÓW. Dołącz do zespołu!,"Warszawa, Żoliborz",,Umowa o pracę, od 3 270 zł do 3 500 zł,https://www.olx.pl/oferta/pracownik-restauracji-mcdonalds-klasykow-dolacz-do-zespolu-CID4-IDkZNi2.html#368e70fcfd
Praca w WEEKENDY w restauracji McDonald's Klasyków. Dołącz do zespołu!,"Warszawa, Ochota",Niepełny etat,Umowa o pracę,/mies.  brutto od 19 zł,https://www.olx.pl/oferta/praca-w-weekendy-w-restauracji-mcdonalds-klasykow-dolacz-do-zespolu-CID4-IDsZptR.html#368e70fcfd
McDonald's Czarodzieja zatrudnii osoby niepełnosprawne. Dołącz do nas!,"Warszawa, Targówek",,Umowa o pracę, do 22 zł/godz.  brutto,https://www.olx.pl/oferta/mcdonalds-czarodzieja-zatrudnii-osoby-niepelnosprawne-dolacz-do-nas-CID4-IDykNuj.html#368e70fcfd
"Nowe stanowisko czeka, bądź LIDEREM GOŚCINNOŚCI w McDonald's Klasyków!","Warszawa, Targówek",Pełny etat,Umowa o pracę, od 3 270 zł do 3 500 zł,https://www.olx.pl/oferta/nowe-stanowisko-czeka-badz-liderem-goscinnosci-w-mcdonalds-klasykow-CID4-IDyJ9Um.html#368e70fcfd
Nowe Stawki!! Pracownik restauracji McDonald's Marki. Dołącz do nas!,"Warszawa, Białołęka",,Umowa o pracę,/mies.  brutto od 19 zł,https://www.olx.pl/oferta/nowe-stawki-pracownik-restauracji-mcdonalds-marki-dolacz-do-nas-CID4-IDodWQi.html#368e70fcfd
Pracownik restauracji McDonald's MARKI - ul. Toruńska. Dołącz i ty!,"Warszawa, Białołęka",Pełny etat,Umowa o pracę, do 22 zł/mies.  brutto,https://www.olx.pl/oferta/pracownik-restauracji-mcdonalds-marki-ul-torunska-dolacz-i-ty-CID4-IDrBgzw.html#368e70fcfd
Nowe STAWKI! Praca w WEEKENDY w restauracji McDonald's Toruńska -MARKI,"Warszawa, Białołęka",,Umowa o pracę, od 19 zł do 22 zł,https://www.olx.pl/oferta/nowe-stawki-praca-w-weekendy-w-restauracji-mcdonalds-torunska-marki-CID4-IDsXOiW.html#368e70fcfd
Nowe Stawki!! McDonald's Toruńska zatrudnii osoby niepełnosprawne.,"Warszawa, Białołęka",Pełny etat,Umowa o pracę,/godz.  brutto od 3 640 zł,https://www.olx.pl/oferta/nowe-stawki-mcdonalds-torunska-zatrudnii-osoby-niepelnosprawne-CID4-IDtDAqJ.html#368e70fcfd
Pracownik restauracji McDonald's Conrada. Dołącz do zespołu!,"Warszawa, Białołęka",,Umowa o pracę, do 3 900 zł/mies.  brutto,https://www.olx.pl/oferta/pracownik-restauracji-mcdonalds-conrada-dolacz-do-zespolu-CID4-IDe3Ssn.html#368e70fcfd
Zatrudnimy Pizzera! Ursynów,"Warszawa, Białołęka",Pełny etat,Umowa o pracę, od 3 270 zł do 3 500 zł,https://www.olx.pl/oferta/zatrudnimy-pizzera-ursynow-CID4-IDrlf7j.html#368e70fcfd;promoted
Pracownik Serwujący Kawę,"Warszawa, Białołęka",,Umowa o pracę,/mies.  brutto od 3 270 zł,https://www.olx.pl/oferta/pracownik-serwujacy-kawe-CID4-IDCBc0R.html#368e70fcfd
Lider zmiany Max Premium Burgers Arkadia,"Warszawa, Białołęka",Pełny etat,Umowa o pracę, do 3 500 zł/mies.  brutto,https://www.olx.pl/oferta/lider-zmiany-max-premium-burgers-arkadia-CID4-IDCSGlq.html#368e70fcfd;promoted
Lider zmiany Max Premium Burgers Wilanów,"Warszawa, Bielany",,Umowa o pracę, od 19 zł do 22 zł,https://www.olx.pl/oferta/lider-zmiany-max-premium-burgers-wilanow-CID4-IDBUWg3.html#368e70fcfd
Pracownik Max Premium Burgers Arkadia,"Warszawa, Ursynów",Pełny etat,Umowa o pracę,/godz.  brutto od 19 zł,https://www.olx.pl/oferta/pracownik-max-premium-burgers-arkadia-CID4-IDCwjx3.html#368e70fcfd;promoted
Pomoc kuchenna Lepienie pierogów,"Warszawa, Wesoła",,Umowa o pracę, do 22 zł/godz.  brutto,https://www.olx.pl/oferta/pomoc-kuchenna-lepienie-pierogow-CID4-IDvmNEm.html#368e70fcfd
Pracownik restauracji,"Warszawa, Śródmieście",Pełny etat,Umowa o pracę, od 3 270 zł do 3 500 zł,https://www.olx.pl/oferta/pracownik-restauracji-CID4-IDCH7wg.html#368e70fcfd
Pracownik restauracji-Złote Tarasy,"Warszawa, Wilanów",,Umowa o pracę,/mies.  brutto4 000 zł/mies.,https://www.olx.pl/oferta/pracownik-restauracji-zlote-tarasy-CID4-IDCH7w7.html#368e70fcfd
Poszukiwana POMOC KUCHENNA 18zł/h!!!,"Warszawa, Śródmieście",Niepełny etat,Umowa o pracę, brutto3 850 zł/mies. brutto,https://www.olx.pl/oferta/poszukiwana-pomoc-kuchenna-18zl-h-CID4-IDvrTgf.html#368e70fcfd
Kierownik Zmiany KFC w Warszawie,"Warszawa, Śródmieście",,Umowa o pracę,3 850 zł/mies. brutto od,https://www.olx.pl/oferta/kierownik-zmiany-kfc-w-warszawie-CID4-IDCMZ86.html#368e70fcfd;promoted
Restauracja zatrudni kucharza kucharkę z doświadczeniem,"Warszawa, Śródmieście",Pełny etat,Umowa o pracę, 18 zł do 20 zł/godz.,https://www.olx.pl/oferta/restauracja-zatrudni-kucharza-kucharke-z-doswiadczeniem-CID4-IDCMTlv.html#368e70fcfd;promoted
Młodszy Kierownik Zmiany Restauracji Pizza Hut Wawer,"Warszawa, Śródmieście",,Umowa o pracę,  brutto od 3 200 zł do,https://www.olx.pl/oferta/mlodszy-kierownik-zmiany-restauracji-pizza-hut-wawer-CID4-IDCSjB2.html#368e70fcfd
Osoba do obsługi gości,"Warszawa, Ursynów",Pełny etat,Umowa o pracę, 3 800 zł/mies.  brutto2 940 zł,https://www.olx.pl/oferta/osoba-do-obslugi-gosci-CID4-IDB9tbk.html#368e70fcfd
Manager w McDonald’s – Kierownik Zmiany 4500 ZŁ BRUTTO,"Warszawa, Ursynów",,Umowa o pracę, od 4 400 zł do 4 500 zł,https://www.olx.pl/oferta/manager-w-mcdonalds-kierownik-zmiany-4500-zl-brutto-CID4-IDCRHPN.html#4b8c975f86;promoted
Kucharz Kuchnia Zimna,"Warszawa, Targówek",Pełny etat,Umowa o pracę,/mies.  brutto od 3 500 zł,https://www.olx.pl/oferta/kucharz-kuchnia-zimna-CID4-IDzBRDj.html#4b8c975f86;promoted
Osoba do pracy na ZMYWAKU poszukiwana !,"Warszawa, Wola",,Umowa o pracę, do 5 500 zł/mies.  brutto,https://www.olx.pl/oferta/osoba-do-pracy-na-zmywaku-poszukiwana-CID4-IDCeh4Y.html#4b8c975f86;promoted
Pomoc kuchenna/ osoba zmywająca - bez doświadczenia 1 lub 1/2 etatu,"Warszawa, Praga-Południe",Pełny etat,Umowa o pracę, od 28 zł do 35 zł,https://www.olx.pl/oferta/pomoc-kuchenna-osoba-zmywajaca-bez-doswiadczenia-1-lub-1-2-etatu-CID4-IDAREjP.html#4b8c975f86
Kucharz - Jana Olbrachta,"Warszawa, Bielany",,Umowa o pracę,/godz.  brutto od 18 zł,https://www.olx.pl/oferta/kucharz-jana-olbrachta-CID4-IDCOuI6.html#4b8c975f86
Kelnerka / Kasjerka,"Warszawa, Bemowo",Pełny etat,Umowa o pracę, do 21 zł/godz.  brutto,https://www.olx.pl/oferta/kelnerka-kasjerka-CID4-IDCOkqb.html#4b8c975f86
Cukiernik do pracowni ciast,"Warszawa, Wola",,Umowa o pracę, od 2 500 zł do 4 500 zł,https://www.olx.pl/oferta/cukiernik-do-pracowni-ciast-CID4-IDz9i0m.html#4b8c975f86
Poszukujemy kucharza liniowego,"Warszawa, Ursynów",Pełny etat,Umowa o pracę,/mies.  brutto od 17 zł,https://www.olx.pl/oferta/poszukujemy-kucharza-liniowego-CID4-IDBbgO6.html#4b8c975f86;promoted
"kucharz , kucharka","Warszawa, Targówek",,Umowa o pracę, do 18 zł/godz.  brutto,https://www.olx.pl/oferta/kucharz-kucharka-CID4-IDCPh0G.html#4b8c975f86
Pracownik restauracji Burger King Wola Park,"Warszawa, Targówek",Pełny etat,Umowa o pracę, od 18 zł do 20 zł,https://www.olx.pl/oferta/pracownik-restauracji-burger-king-wola-park-CID4-IDCCoPO.html#4b8c975f86
Pracownik restauracji Świętokrzyska 3,"Warszawa, Włochy",,Umowa o pracę,/mies.  brutto od 2 500 zł,https://www.olx.pl/oferta/pracownik-restauracji-swietokrzyska-3-CID4-IDCOl7n.html#4b8c975f86
Pomoc Zmywająca. Katyna. Warszawa. Umowa o pracę.,"Warszawa, Bemowo",Pełny etat,Umowa o pracę, do 5 500 zł/mies.  brutto,https://www.olx.pl/oferta/pomoc-zmywajaca-katyna-warszawa-umowa-o-prace-CID4-IDCTJi7.html#4b8c975f86
Klub Mirage zatrudni osobę na zmywak,"Warszawa, Śródmieście",,Umowa o pracę,19 zł/godz. brutto od,https://www.olx.pl/oferta/klub-mirage-zatrudni-osobe-na-zmywak-CID4-IDCTIY7.html#4b8c975f86
Praca w kawiarni Saska Kępa,"Warszawa, Żoliborz",Pełny etat,Umowa o pracę, 3 000 zł do 4 000 zł/mies.,https://www.olx.pl/oferta/praca-w-kawiarni-saska-kepa-CID4-IDzvYqx.html#4b8c975f86
Szef Kuchni,"Warszawa, Śródmieście",,Umowa o pracę,  brutto od 3 000 zł do,https://www.olx.pl/oferta/szef-kuchni-CID4-IDCCk2E.html#4b8c975f86
Pizzer na pełen etat - Pruszków/Ursus,"Warszawa, Praga-Południe",Pełny etat,Umowa o pracę, 4 000 zł/mies.  brutto od,https://www.olx.pl/oferta/pizzer-na-pelen-etat-pruszkow-ursus-CID4-IDB3g4a.html#4b8c975f86
Kelner / Kelnerka w PURO Warszawa Centrum,"Warszawa, Białołęka",,Umowa o pracę, 2 500 zł do 4 000 zł/mies.,https://www.olx.pl/oferta/kelner-kelnerka-w-puro-warszawa-centrum-CID4-IDzfdYY.html#4b8c975f86
Pracownik na stanowisku sałatkowym,"Warszawa, Ursus",Pełny etat,Umowa o pracę,  brutto od 2 500 zł do,https://www.olx.pl/oferta/pracownik-na-stanowisku-salatkowym-CID4-IDCTFxN.html#4b8c975f86
Przygotowywanie dań mącznych,"Warszawa, Śródmieście",,Umowa o pracę, 3 200 zł/mies.  brutto od,https://www.olx.pl/oferta/przygotowywanie-dan-macznych-CID4-IDCTFof.html#4b8c975f86
Cukiernia Sowa Sadyba / Galeria Mokotów pełny etat lub weekendy,"Warszawa, Żoliborz",Pełny etat,Umowa o pracę, 3 300 zł do 4 400 zł/mies.,https://www.olx.pl/oferta/cukiernia-sowa-sadyba-galeria-mokotow-pelny-etat-lub-weekendy-CID4-IDCk2xn.html#4b8c975f86
Praca Bufet/Obsługa Gosci,"Warszawa, Żoliborz",,Umowa o pracę,  brutto od 3 000 zł do,https://www.olx.pl/oferta/praca-bufet-obsluga-gosci-CID4-IDzI4rr.html#4b8c975f86
Restauracja zatrudni kucharzy kuchni cieplej,"Warszawa, Mokotów",Pełny etat,Umowa o pracę, 4 500 zł/mies.  brutto od,https://www.olx.pl/oferta/restauracja-zatrudni-kucharzy-kuchni-cieplej-CID4-IDAlA0M.html#4b8c975f86
"Restauracja Kamnada lwowska zatrudni kelnerów, kelnerki","Warszawa, Śródmieście",,Umowa o pracę, 20 zł do 40 zł/godz.,https://www.olx.pl/oferta/restauracja-kamnada-lwowska-zatrudni-kelnerow-kelnerki-CID4-IDAlgaX.html#4b8c975f86
Praca w weekendy sprzedaż Gofrów,"Warszawa, Śródmieście",Pełny etat,Umowa o pracę,  brutto od 4 000 zł do,https://www.olx.pl/oferta/praca-w-weekendy-sprzedaz-gofrow-CID4-IDCAfCs.html#4b8c975f86
Zatrudnię kelnerkę,"Warszawa, Śródmieście",,Umowa o pracę, 5 000 zł/mies.  brutto od,https://www.olx.pl/oferta/zatrudnie-kelnerke-CID4-IDzeAVl.html#4b8c975f86
Потрібен кухар - гарячий процес,"Warszawa, Targówek",Pełny etat,Umowa o pracę, 2 500 zł do 4 500 zł/mies.,https://www.olx.pl/oferta/-CID4-IDCTzx6.html#4b8c975f86
Pomocnik kucharza sushi,"Warszawa, Bemowo",,Umowa o pracę,  brutto14 zł/godz. brutto,https://www.olx.pl/oferta/pomocnik-kucharza-sushi-CID4-IDCTyz6.html#4b8c975f86
Pracownik Kuchni w Restauracji Pizza Hut Wawer,"Warszawa, Ochota",Pełny etat,Umowa o pracę, od 3 000 zł do 4 500 zł,https://www.olx.pl/oferta/pracownik-kuchni-w-restauracji-pizza-hut-wawer-CID4-IDCCdm6.html#4b8c975f86
Restauracja McDonald's Dworzec Centralny Warszawa zatrudni pracowników,"Warszawa, Wola",,Umowa o pracę,/mies.  brutto od 17 zł,https://www.olx.pl/oferta/restauracja-mcdonalds-dworzec-centralny-warszawa-zatrudni-pracownikow-CID4-IDxlYDl.html#4b8c975f86;promoted
Praca po szkole studiach - nowa stawka,"Warszawa, Wawer",Niepełny etat,Umowa o pracę, do 19 zł/godz.  brutto,https://www.olx.pl/oferta/praca-po-szkole-studiach-nowa-stawka-CID4-IDA1Nu2.html#4b8c975f86
Restauracja Secado zatrudni zmywającą,"Warszawa, Śródmieście",,Umowa o pracę, od 15 zł do 16 zł,https://www.olx.pl/oferta/restauracja-secado-zatrudni-zmywajaca-CID4-IDBhZNy.html#4b8c975f86
Doświadczona kelnerka poszukiwana! :) Fenicja czeka!,"Warszawa, Śródmieście",Pełny etat,Umowa o pracę,/godz.  brutto3 200 zł/mies.,https://www.olx.pl/oferta/doswiadczona-kelnerka-poszukiwana-fenicja-czeka-CID4-IDulmFD.html#4b8c975f86
Sprzedawca Bufetowa na stołówkę,"Warszawa, Śródmieście",,Umowa o pracę, brutto od 12 zł do,https://www.olx.pl/oferta/sprzedawca-bufetowa-na-stolowke-CID4-IDCu7so.html#4b8c975f86
"Wybitnego baristy - wspierającego obsługę Gości - Skazka, dobra stawka","Warszawa, Śródmieście",Pełny etat,Umowa o pracę, 13 zł/godz.  brutto od,https://www.olx.pl/oferta/wybitnego-baristy-wspierajacego-obsluge-gosci-skazka-dobra-stawka-CID4-IDCTjcj.html#4b8c975f86
Pracownik Kuchni w Restauracji Pizza Hut Puławska,"Warszawa, Bemowo",,Umowa o pracę, 2 800 zł do 3 000 zł/mies.,https://www.olx.pl/oferta/pracownik-kuchni-w-restauracji-pizza-hut-pulawska-CID4-IDCNNka.html#4b8c975f86
"Lepienie pierogów, kuchnia wschodnia, ukr/ros Skazka - Umowa o pracę","Warszawa, Śródmieście",Pełny etat,Umowa o pracę,None,https://www.olx.pl/oferta/lepienie-pierogow-kuchnia-wschodnia-ukr-ros-skazka-umowa-o-prace-CID4-IDz49DH.html#4b8c975f86
Do obsługi w bistro ekologicznym,"Warszawa, Mokotów",,Umowa o pracę,None,https://www.olx.pl/oferta/do-obslugi-w-bistro-ekologicznym-CID4-IDu4c35.html#4b8c975f86
Kelnerka w Otto!,"Warszawa, Śródmieście",Pełny etat,Umowa o pracę,None,https://www.olx.pl/oferta/kelnerka-w-otto-CID4-IDzEO44.html#4b8c975f86
Pracownik Restauracji McDonald's Centrum,"Warszawa, Śródmieście",,Umowa o pracę,None,https://www.olx.pl/oferta/pracownik-restauracji-mcdonalds-centrum-CID4-IDCHHjS.html#4b8c975f86;promoted
Kelner/kelnerka do Pizzerii na weekendy,"Warszawa, Wola",Pełny etat,Umowa o pracę,None,https://www.olx.pl/oferta/kelner-kelnerka-do-pizzerii-na-weekendy-CID4-IDASTTF.html#4b8c975f86
McDonald's Wileńska- NOWE STAWKI,"Warszawa, Śródmieście",,Umowa o pracę,None,https://www.olx.pl/oferta/mcdonalds-wilenska-nowe-stawki-CID4-IDxkbVF.html#4b8c975f86;promoted
Poszukiwany Szef kuchni do wiodącej firmy caterigowej,"Warszawa, Wola",Pełny etat,Umowa o pracę,None,https://www.olx.pl/oferta/poszukiwany-szef-kuchni-do-wiodacej-firmy-caterigowej-CID4-IDBHXBe.html#4b8c975f86
"do pracy w ""Burger Point""","Warszawa, Wawer",,Umowa o pracę,17 zł/godz. brutto2 940 zł,https://www.olx.pl/oferta/do-pracy-w-burger-point-CID4-IDsCXvT.html#2ebda80471;promoted
55 tys. zł za 6 miesięcy pracy jako kucharz na statku rzecznym!,"Warszawa, Śródmieście",Pełny etat,Umowa o pracę,/mies. brutto9 400 zł/mies.,https://www.olx.pl/oferta/55-tys-zl-za-6-miesiecy-pracy-jako-kucharz-na-statku-rzecznym-CID4-IDCPfu9.html#2ebda80471
Praca Szuka Ludzi!,"Warszawa, Wawer",,Umowa o pracę, brutto od 18 zł do,https://www.olx.pl/oferta/praca-szuka-ludzi-CID4-IDCDjW6.html#2ebda80471;promoted
NOWE WYŻSZE STAWKI! - 18zł/h Praca w Weekendy McDonald's Konstancin,"Warszawa, Bielany",Pełny etat,Umowa o pracę, 19 zł/godz.  brutto od,https://www.olx.pl/oferta/nowe-wyzsze-stawki-18zl-h-praca-w-weekendy-mcdonalds-konstancin-CID4-IDyzK8P.html#2ebda80471;promoted
Pracownik restauracji McDonald’s ul. Rzymowskiego 18,"Warszawa, Wawer",,Umowa o pracę, 2 650 zł do 3 000 zł/mies.,https://www.olx.pl/oferta/pracownik-restauracji-mcdonalds-ul-rzymowskiego-18-CID4-IDBq9EL.html#2ebda80471
Zatrudnię Dozorcę/Magazyniera,"Warszawa, Śródmieście",Pełny etat,Umowa o pracę,  brutto od 2 500 zł do,https://www.olx.pl/oferta/zatrudnie-dozorce-magazyniera-CID4-IDCUuvd.html#2ebda80471
Restauracja Mcdonald’s Wola Park zatrudni osoby niepełnosprawne.,"Warszawa, Mokotów",,Umowa o pracę, 2 700 zł/mies.  brutto od,https://www.olx.pl/oferta/restauracja-mcdonalds-wola-park-zatrudni-osoby-niepelnosprawne-CID4-IDvYaR5.html#2ebda80471;promoted
Pracownik Kuchni w Restauracji Pizza Hut Metro Ratusz Arsenał,"Warszawa, Śródmieście",Pełny etat,Umowa o pracę, 15 zł do 18 zł/godz.,https://www.olx.pl/oferta/pracownik-kuchni-w-restauracji-pizza-hut-metro-ratusz-arsenal-CID4-IDCUts0.html#2ebda80471;promoted
45 tys. zł za 6 miesięcy pracy na zmywaku na statku rzecznym!,"Warszawa, Ursynów",,Umowa o pracę,  brutto7 700 zł/mies. brutto,https://www.olx.pl/oferta/45-tys-zl-za-6-miesiecy-pracy-na-zmywaku-na-statku-rzecznym-CID4-IDCP4XB.html#2ebda80471
zatrudnię kucharza,"Warszawa, Ursynów",Pełny etat,Umowa o pracę,7 700 zł/mies. brutto15 zł,https://www.olx.pl/oferta/zatrudnie-kucharza-CID4-IDCUqbZ.html#2ebda80471
45 tys. zł za 6 miesięcy pracy jako kelner na statku rzecznym!,"Warszawa, Śródmieście",,Umowa o pracę,/godz. brutto od 20 zł,https://www.olx.pl/oferta/45-tys-zl-za-6-miesiecy-pracy-jako-kelner-na-statku-rzecznym-CID4-IDCP4dt.html#2ebda80471
Zatrdnimy Kelnera lub kelnerkę,"Warszawa, Mokotów",Pełny etat,Umowa o pracę, do 21 zł/godz.  brutto,https://www.olx.pl/oferta/zatrdnimy-kelnera-lub-kelnerke-CID4-IDB0Bwi.html#2ebda80471
"Koordynator Zespołu w Restauracji IKEA, IKEA Retail, Janki","Warszawa, Ursynów",,Umowa o pracę, od 3 190 zł do 3 200 zł,https://www.olx.pl/oferta/koordynator-zespolu-w-restauracji-ikea-ikea-retail-janki-CID4-IDCJfaH.html#2ebda80471
"Pracownik Gastronomii, IKEA Retail, Janki k/Warszawy","Warszawa, Bielany",Pełny etat,Umowa o pracę,/mies.  brutto od 4 080 zł,https://www.olx.pl/oferta/pracownik-gastronomii-ikea-retail-janki-k-warszawy-CID4-IDCdq5Z.html#2ebda80471
"NOWE STAWKI 18,50 zł/h McDonald's Włochy praca w godzinach 6:00-15:00","Warszawa, Wola",,Umowa o pracę, do 4 100 zł/mies.  brutto,https://www.olx.pl/oferta/nowe-stawki-18-50-zl-h-mcdonalds-wlochy-praca-w-godzinach-600-1500-CID4-IDzAcls.html#2ebda80471;promoted
SZEF KUCHNI/Szef Produkcji - Catering dla Przedzkoli,"Warszawa, Śródmieście",Pełny etat,Umowa o pracę, od 3 400 zł do 3 600 zł,https://www.olx.pl/oferta/szef-kuchni-szef-produkcji-catering-dla-przedzkoli-CID4-IDCGb7e.html#2ebda80471;promoted
Pomoc kuchenna,"Warszawa, Śródmieście",,Umowa o pracę,/mies.  brutto od 3 500 zł,https://www.olx.pl/oferta/pomoc-kuchenna-CID4-IDCUi9E.html#2ebda80471
Pracownik restauracji McDonald`s Jawczyce,"Warszawa, Śródmieście",Niepełny etat,Umowa o pracę, do 4 200 zł/mies.  brutto,https://www.olx.pl/oferta/pracownik-restauracji-mcdonalds-jawczyce-CID4-IDCOVGp.html#2ebda80471
Menager-NOWE WYŻSZE STAWKI McDonald's Włochy 17-go Stycznia 65,"Warszawa, Śródmieście",,Umowa o pracę, od 2 800 zł do 3 700 zł,https://www.olx.pl/oferta/menager-nowe-wyzsze-stawki-mcdonalds-wlochy-17-go-stycznia-65-CID4-IDxZkzc.html#2ebda80471
Praca w pendolino i wagon restauracyjny,"Warszawa, Mokotów",Pełny etat,Umowa o pracę,/mies.  brutto3 450 zł/mies.,https://www.olx.pl/oferta/praca-w-pendolino-i-wagon-restauracyjny-CID4-IDCPHTM.html#2ebda80471
SAM Żoliborz zatrudni osobę zmywającą / pomoc kuchenną,"Warszawa, Ursus",,Umowa o pracę, brutto od 2 900 zł do,https://www.olx.pl/oferta/sam-zoliborz-zatrudni-osobe-zmywajaca-pomoc-kuchenna-CID4-IDBMier.html#2ebda80471
Manager Sadyba Best Mall od 3450 zł BRUTTO,"Warszawa, Ursus",Pełny etat,Umowa o pracę, 3 300 zł/mies.  brutto od,https://www.olx.pl/oferta/manager-sadyba-best-mall-od-3450-zl-brutto-CID4-IDzifYI.html#2ebda80471;promoted
Atrakcyjne zarobki dla kelnerek i kelnerów,"Warszawa, Włochy",,Umowa o pracę, 2 900 zł do 3 000 zł/mies.,https://www.olx.pl/oferta/atrakcyjne-zarobki-dla-kelnerek-i-kelnerow-CID4-IDCUah3.html#2ebda80471
Pracownika McDonald 's Sadyba- NOWE STAWKI,"Warszawa, Praga-Południe",Pełny etat,Umowa o pracę,  brutto od 4 400 zł do,https://www.olx.pl/oferta/pracownika-mcdonald-s-sadyba-nowe-stawki-CID4-IDw7Nit.html#2ebda80471;promoted
Pracownik restauracji Mcdonald's ul. Radzymińska 94a - 3000 BRUTTO!,"Warszawa, Białołęka",,Umowa o pracę, 4 500 zł/mies.  brutto od,https://www.olx.pl/oferta/pracownik-restauracji-mcdonalds-ul-radzyminska-94a-3000-brutto-CID4-IDCRHod.html#2ebda80471;promoted
Manager w McDonald’s – Kierownik Zmiany 4500 ZŁ BRUTTO,"Warszawa, Ursus",Pełny etat,Umowa o pracę, 50 zł do 100 zł/godz.,https://www.olx.pl/oferta/manager-w-mcdonalds-kierownik-zmiany-4500-zl-brutto-CID4-IDCRHPN.html#2ebda80471;promoted
Pracownik restauracji McDonald’s Dworzec Centralny,"Warszawa, Włochy",,Umowa o pracę,  brutto od 50 zł do,https://www.olx.pl/oferta/pracownik-restauracji-mcdonalds-dworzec-centralny-CID4-IDCCKW2.html#2ebda80471
Książeczka sanepid badania 3 lata,"Warszawa, Praga-Południe",Pełny etat,Umowa o pracę, 100 zł/godz.  brutto od,https://www.olx.pl/oferta/ksiazeczka-sanepid-badania-3-lata-CID4-IDCU1JZ.html#2ebda80471
Książeczka sanepid badania trzy lata,"Warszawa, Żoliborz",,Umowa o pracę, 4 000 zł do 5 000 zł/mies.,https://www.olx.pl/oferta/ksiazeczka-sanepid-badania-trzy-lata-CID4-IDCU18I.html#2ebda80471
kelner / kelnerka 4* hotel Nowy Świat Warszawa,"Warszawa, Śródmieście",Pełny etat,Umowa o pracę,  brutto od 4 000 zł do,https://www.olx.pl/oferta/kelner-kelnerka-4-hotel-nowy-swiat-warszawa-CID4-IDCRPNX.html#2ebda80471
.Młodszy kucharz Express Oriental 3000 netto,"Warszawa, Mokotów",,Umowa o pracę, 5 000 zł/mies.  brutto od,https://www.olx.pl/oferta/mlodszy-kucharz-express-oriental-3000-netto-CID4-IDBWJga.html#2ebda80471
.Pomoc kucharza Express Oriental Młociny 3000 netto,"Warszawa, Mokotów",Pełny etat,Umowa o pracę, 4 800 zł do 5 000 zł/mies.,https://www.olx.pl/oferta/pomoc-kucharza-express-oriental-mlociny-3000-netto-CID4-IDBLjuj.html#2ebda80471
szef kuchni/kucharz,"Warszawa, Mokotów",,Umowa o pracę,  brutto3 850 zł/mies. brutto,https://www.olx.pl/oferta/szef-kuchni-kucharz-CID4-IDASczF.html#2ebda80471
Lider zmiany - Max Premium Burgers Złote Tarasy,"Warszawa, Targówek",Pełny etat,Umowa o pracę,None,https://www.olx.pl/oferta/lider-zmiany-max-premium-burgers-zlote-tarasy-CID4-IDBZMlm.html#2ebda80471
Kierownik Zmiany Salad Story Wola Park- od zaraz!,"Warszawa, Wola",,Umowa o pracę, od 19 zł do 20 zł,https://www.olx.pl/oferta/kierownik-zmiany-salad-story-wola-park-od-zaraz-CID4-IDCW9Hr.html#5777e25a50;promoted
Poszukujemy kucharza liniowego,"Warszawa, Wola",Pełny etat,Umowa o pracę,/godz.  brutto16 zł/godz.,https://www.olx.pl/oferta/poszukujemy-kucharza-liniowego-CID4-IDBbgO6.html#5777e25a50;promoted
Pracownik restauracji McDonald's MODLIŃSKA. Dołącz do zespołu!,"Warszawa, Targówek",,Umowa o pracę, brutto od 17 zł do,https://www.olx.pl/oferta/pracownik-restauracji-mcdonalds-modlinska-dolacz-do-zespolu-CID4-ID5VPHW.html#5777e25a50;promoted
Mcdonald's Wiatraczna PracowniK restauracji 3000 BRUTTO!,"Warszawa, Białołęka",Pełny etat,Umowa o pracę, 18 zł/godz.  brutto od,https://www.olx.pl/oferta/mcdonalds-wiatraczna-pracownik-restauracji-3000-brutto-CID4-IDxkc3Z.html#5777e25a50;promoted
Kelner / Kelnerka w Platter by Karol Okrasa,"Warszawa, Praga-Południe",,Umowa o pracę, 3 270 zł do 3 500 zł/mies.,https://www.olx.pl/oferta/kelner-kelnerka-w-platter-by-karol-okrasa-CID4-IDCW9ue.html#5777e25a50;promoted
Poszukujemy Szefa kuchni-kucharza do restauracji-pizzerii na Mokotowie,"Warszawa, Śródmieście",Pełny etat,Umowa o pracę,  brutto od 3 000 zł do,https://www.olx.pl/oferta/poszukujemy-szefa-kuchni-kucharza-do-restauracji-pizzerii-na-mokotowie-CID4-IDCW8VV.html#5777e25a50
Osoba do obsługi kawiarni,"Warszawa, Praga-Południe",,Umowa o pracę, 3 100 zł/mies.  brutto od,https://www.olx.pl/oferta/osoba-do-obslugi-kawiarni-CID4-IDCW8qp.html#5777e25a50
pizzeria,"Warszawa, Śródmieście",Pełny etat,Umowa o pracę, 17 zł do 19 zł/godz.,https://www.olx.pl/oferta/pizzeria-CID4-IDy3ZmN.html#5777e25a50
Lider Gościnności w Restauracji McDonald's Rondo Wiatraczna,"Warszawa, Ursynów",,Umowa o pracę,  brutto od 4 500 zł do,https://www.olx.pl/oferta/lider-goscinnosci-w-restauracji-mcdonalds-rondo-wiatraczna-CID4-IDAytdV.html#5777e25a50;promoted
Manager – Kierownik Zmiany 4500 ZŁ BRUTTO!,"Warszawa, Bielany",Pełny etat,Umowa o pracę, 6 000 zł/mies.  brutto od,https://www.olx.pl/oferta/manager-kierownik-zmiany-4500-zl-brutto-CID4-IDzQk54.html#5777e25a50;promoted
Host/essa- Lider Gościnności 21 zł/h 17-go Stycznia McDonald's,"Warszawa, Bielany",,Umowa o pracę, 3 270 zł do 3 500 zł/mies.,https://www.olx.pl/oferta/host-essa-lider-goscinnosci-21-zl-h-17-go-stycznia-mcdonalds-CID4-IDzP8lG.html#5777e25a50;promoted
Mcdonald's Wiatraczna PracowniK restauracji 3000 BRUTTO!,"Warszawa, Śródmieście",Pełny etat,Umowa o pracę,  brutto od 4 120 zł do,https://www.olx.pl/oferta/mcdonalds-wiatraczna-pracownik-restauracji-3000-brutto-CID4-IDxkc3Z.html#5777e25a50;promoted
Restauracja zatrudni kelnerki i kelnerów,"Warszawa, Śródmieście",,Umowa o pracę, 4 300 zł/mies.  brutto od,https://www.olx.pl/oferta/restauracja-zatrudni-kelnerki-i-kelnerow-CID4-IDCUXo7.html#5777e25a50
Pracownik Max Premium Burgers Wilanów,"Warszawa, Śródmieście",Pełny etat,Umowa o pracę, 3 500 zł do 4 500 zł/mies.,https://www.olx.pl/oferta/pracownik-max-premium-burgers-wilanow-CID4-IDBUWvp.html#5777e25a50
"do pracy w ""Burger Point""","Warszawa, Bielany",,Umowa o pracę,  brutto od 3 000 zł do,https://www.olx.pl/oferta/do-pracy-w-burger-point-CID4-IDsCXvT.html#5777e25a50;promoted
Pizzer W-wa Wilanów lub centrum od 18 PLN/H - 22 PLN/H netto!,"Warszawa, Białołęka",Pełny etat,Umowa o pracę, 5 000 zł/mies.  brutto16 zł,https://www.olx.pl/oferta/pizzer-w-wa-wilanow-lub-centrum-od-18-pln-h-22-pln-h-netto-CID4-IDvj4M6.html#5777e25a50
Praca w centrum Warszawy pon.-pt. 08-16,"Warszawa, Białołęka",,Umowa o pracę,/godz. brutto od 4 400 zł,https://www.olx.pl/oferta/praca-w-centrum-warszawy-pon-pt-08-16-CID4-IDCJH24.html#5777e25a50;promoted
"Praca w centrum Warszawy 17,50/h","Warszawa, Praga-Południe",Niepełny etat,Umowa o pracę, do 4 500 zł/mies.  brutto,https://www.olx.pl/oferta/praca-w-centrum-warszawy-17-50-h-CID4-IDAp7Zq.html#5777e25a50;promoted
Pracownik Kawiarni - Barista,"Warszawa, Praga-Południe",,Umowa o pracę, od 3 490 zł do 3 500 zł,https://www.olx.pl/oferta/pracownik-kawiarni-barista-CID4-IDCTDe3.html#5777e25a50
.Kucharz Kuchni Tajskiej,"Warszawa, Włochy",Pełny etat,Umowa o pracę,/mies.  brutto od 3 000 zł,https://www.olx.pl/oferta/kucharz-kuchni-tajskiej-CID4-IDBn404.html#5777e25a50
Restauracja Sushi zatrudni kelnerki/kelnerów,"Warszawa, Praga-Południe",,Umowa o pracę, do 3 100 zł/mies.  brutto,https://www.olx.pl/oferta/restauracja-sushi-zatrudni-kelnerki-kelnerow-CID4-IDBGDJ2.html#5777e25a50
Dworzec Wileński - Kierownik Zmiany McDonald's,"Warszawa, Włochy",Niepełny etat,Umowa o pracę, od 14 zł do 17 zł,https://www.olx.pl/oferta/dworzec-wilenski-kierownik-zmiany-mcdonalds-CID4-IDBLNLk.html#5777e25a50;promoted
Barista w McDonald’s Jawczyce,"Warszawa, Bemowo",,Umowa o pracę,/godz.  brutto od 4 000 zł,https://www.olx.pl/oferta/barista-w-mcdonalds-jawczyce-CID4-IDCPkfx.html#5777e25a50
Kelnerka,"Warszawa, Wilanów",Pełny etat,Umowa o pracę, do 6 000 zł/mies.  brutto,https://www.olx.pl/oferta/kelnerka-CID4-IDCJS5G.html#5777e25a50
Pracownik restauracji McDonald`s Jawczyce,"Warszawa, Wawer",,Umowa o pracę, od 18 zł do 20 zł,https://www.olx.pl/oferta/pracownik-restauracji-mcdonalds-jawczyce-CID4-IDCPiqH.html#5777e25a50
Pracownik restauracji na weekendy Jawczyce,"Warszawa, Wilanów",Pełny etat,Umowa o pracę,/godz.  brutto od 4 000 zł,https://www.olx.pl/oferta/pracownik-restauracji-na-weekendy-jawczyce-CID4-IDCPiqR.html#5777e25a50
Pracownik zmiany nocnej w  McDonald`s Jawczyce,"Warszawa, Śródmieście",,Umowa o pracę, do 5 000 zł/mies.  brutto,https://www.olx.pl/oferta/pracownik-zmiany-nocnej-w-mcdonalds-jawczyce-CID4-IDCPiqX.html#5777e25a50
Pracownik restauracji McDonald`s Jawczyce,"Warszawa, Śródmieście",Pełny etat,Umowa o pracę, od 4 000 zł do 6 000 zł,https://www.olx.pl/oferta/pracownik-restauracji-mcdonalds-jawczyce-CID4-IDCPiqA.html#5777e25a50
Kucharz/ Kucharka do nowo powstającej Restauracji Bistro,"Warszawa, Praga-Południe",,Umowa o pracę,/mies.  brutto od 4 000 zł,https://www.olx.pl/oferta/kucharz-kucharka-do-nowo-powstajacej-restauracji-bistro-CID4-IDCUGht.html#5777e25a50;promoted
Pracownik restauracji McDonald`s Jawczyce,"Warszawa, Bielany",Pełny etat,Umowa o pracę, do 5 000 zł/mies.  brutto,https://www.olx.pl/oferta/pracownik-restauracji-mcdonalds-jawczyce-CID4-IDCPgP0.html#5777e25a50
Kelner w restauracji na luksusowym statku pasażerskim Seabourn,"Warszawa, Bielany",,Umowa o pracę, od 3 000 zł do 4 000 zł,https://www.olx.pl/oferta/kelner-w-restauracji-na-luksusowym-statku-pasazerskim-seabourn-CID4-IDCDuZC.html#5777e25a50
